window_end_ts,product_id,label,baseline_score,logistic_probability,predicted_label
2026-04-01 03:08:04+00:00,BTC-USD,1,2.0852985680640703,0.9998981451235726,1
2026-04-01 03:08:04+00:00,ETH-USD,1,3.586542190886422,0.9999997330106789,1
2026-04-01 03:08:05+00:00,ETH-USD,1,3.5901727572826343,0.9999996024602912,1
2026-04-01 03:08:05+00:00,BTC-USD,1,2.0852266419448364,0.9998843925788099,1
2026-04-01 03:08:06+00:00,BTC-USD,1,2.085687807972479,0.9998912759201289,1
2026-04-01 03:08:06+00:00,ETH-USD,1,3.566360191028627,0.9999995081588523,1
2026-04-01 03:08:07+00:00,BTC-USD,1,1.9989193000934498,0.9998058467727329,1
2026-04-01 03:08:07+00:00,ETH-USD,1,3.3469067000643498,0.9999986233441107,1
2026-04-01 03:08:08+00:00,BTC-USD,1,1.9988519110409921,0.9997872884663458,1
2026-04-01 03:08:08+00:00,ETH-USD,1,3.3554632462980343,0.9999981113966102,1
2026-04-01 03:08:09+00:00,BTC-USD,1,2.0268908336972786,0.9997449916971685,1
2026-04-01 03:08:09+00:00,ETH-USD,1,3.3390020213119302,0.9999981151693559,1
2026-04-01 03:08:10+00:00,BTC-USD,1,1.9162786898293576,0.9992627314325206,1
2026-04-01 03:08:10+00:00,ETH-USD,1,2.8005238840576,0.9999770701967162,1
2026-04-01 03:08:11+00:00,ETH-USD,1,2.8145206164134358,0.9999715367524047,1
2026-04-01 03:08:11+00:00,BTC-USD,1,2.021863372080355,0.997408533107646,1
2026-04-01 03:08:12+00:00,BTC-USD,1,2.013936817998184,0.9994396619630331,1
2026-04-01 03:08:12+00:00,ETH-USD,1,2.804379090461149,0.9999682348147685,1
2026-04-01 03:08:13+00:00,ETH-USD,1,2.804373817947882,0.999973524276904,1
2026-04-01 03:08:13+00:00,BTC-USD,1,2.08807019418116,0.9992500696958408,1
2026-04-01 03:08:14+00:00,ETH-USD,1,1.9209227956387926,0.9986282985264491,1
2026-04-01 03:08:14+00:00,BTC-USD,1,1.4359773863030643,0.9912161518960766,1
2026-04-01 03:08:15+00:00,ETH-USD,1,1.9727852197147455,0.9970084463558951,1
2026-04-01 03:08:15+00:00,BTC-USD,1,1.580915077157291,0.9762641948877729,1
2026-04-01 03:08:16+00:00,BTC-USD,1,1.417377858742215,0.9755548366305771,1
2026-04-01 03:08:16+00:00,ETH-USD,1,1.5730185442710916,0.9745981295235974,1
2026-04-01 03:08:17+00:00,BTC-USD,1,1.3989978886144283,0.9876310265759619,1
2026-04-01 03:08:17+00:00,ETH-USD,1,1.5663303442238206,0.984344541152638,1
2026-04-01 03:08:18+00:00,BTC-USD,1,1.414020511910255,0.9867570481585574,1
2026-04-01 03:08:18+00:00,ETH-USD,1,1.557513307361395,0.985709348058207,1
2026-04-01 03:08:19+00:00,ETH-USD,1,1.5403658795706239,0.9849399310925974,1
2026-04-01 03:08:19+00:00,BTC-USD,1,1.3454505154059195,0.9795997714462882,1
2026-04-01 03:08:20+00:00,BTC-USD,1,1.3454505154059195,0.9850734233747102,1
2026-04-01 03:08:20+00:00,ETH-USD,1,1.5438060987724622,0.9841135828090717,1
2026-04-01 03:08:21+00:00,BTC-USD,1,0.8340993780479102,0.8812556668085065,1
2026-04-01 03:08:21+00:00,ETH-USD,1,1.1060718931286495,0.8879382673034544,1
2026-04-01 03:08:22+00:00,ETH-USD,1,0.9674172457710304,0.8087661386640014,1
2026-04-01 03:08:22+00:00,BTC-USD,1,0.7300218914098124,0.8494833638003063,1
2026-04-01 03:08:23+00:00,BTC-USD,1,0.7099661495056188,0.8612367500952093,1
2026-04-01 03:08:23+00:00,ETH-USD,1,0.9496167590651489,0.7423031048977378,1
2026-04-01 03:08:24+00:00,BTC-USD,1,0.7099661495056188,0.8661642051265892,1
2026-04-01 03:08:24+00:00,ETH-USD,1,0.9516037356258754,0.700368275820696,1
2026-04-01 03:08:25+00:00,BTC-USD,1,0.7045046380328427,0.8683401389149045,1
2026-04-01 03:08:25+00:00,ETH-USD,1,0.9516037356258754,0.7271501715598251,1
2026-04-01 03:08:26+00:00,BTC-USD,1,0.7020536554914079,0.8020062099989973,1
2026-04-01 03:08:26+00:00,ETH-USD,0,0.9376911905243313,0.7360976620510188,1
2026-04-01 03:08:27+00:00,ETH-USD,0,0.7580626133555566,0.5696783366350644,0
2026-04-01 03:08:27+00:00,BTC-USD,1,0.6984865989600791,0.8061521143825303,1
2026-04-01 03:08:28+00:00,ETH-USD,0,0.7455823811820393,0.4912254717802562,0
2026-04-01 03:08:28+00:00,BTC-USD,1,0.6512837982718706,0.6345153328628279,1
2026-04-01 03:08:29+00:00,ETH-USD,0,0.738337005607252,0.3666230789399976,0
2026-04-01 03:08:29+00:00,BTC-USD,1,0.6512466043503313,0.6423674419685589,1
2026-04-01 03:08:30+00:00,BTC-USD,1,0.5653017930175365,0.31138263013402206,0
2026-04-01 03:08:30+00:00,ETH-USD,0,0.49975132984202514,0.13652062348643274,0
2026-04-01 03:08:31+00:00,BTC-USD,1,0.5803425056992089,0.3185457043338643,0
2026-04-01 03:08:31+00:00,ETH-USD,0,0.4678688237371766,0.10006162569678989,0
2026-04-01 03:08:32+00:00,BTC-USD,1,0.5803425056992089,0.36147911741015226,0
2026-04-01 03:08:32+00:00,ETH-USD,0,0.4623449703729374,0.10934466622705818,0
2026-04-01 03:08:33+00:00,BTC-USD,1,0.6270775824380533,0.38528408573969103,0
2026-04-01 03:08:33+00:00,ETH-USD,0,0.5353284235915271,0.1993679324627486,0
2026-04-01 03:08:34+00:00,ETH-USD,0,0.5103679938787571,0.16851455277031394,0
2026-04-01 03:08:34+00:00,BTC-USD,1,0.6270775824380533,0.40107944239796983,0
2026-04-01 03:08:35+00:00,ETH-USD,0,0.4859280916029845,0.1394116039830671,0
2026-04-01 03:08:35+00:00,BTC-USD,1,0.6284660541769025,0.4238565187961054,0
2026-04-01 03:08:36+00:00,ETH-USD,0,0.4858496159453178,0.13854258078206458,0
2026-04-01 03:08:36+00:00,BTC-USD,1,0.6284660541769025,0.4067324410261149,0
2026-04-01 03:08:37+00:00,BTC-USD,1,0.6284660541769025,0.4218237335529546,0
2026-04-01 03:08:37+00:00,ETH-USD,0,0.4858496159453178,0.15893948800766872,0
2026-04-01 03:08:38+00:00,ETH-USD,0,0.4858496159453178,0.1544746462154715,0
2026-04-01 03:08:38+00:00,BTC-USD,1,0.6284660541769025,0.45434330081729646,0
2026-04-01 03:08:39+00:00,BTC-USD,1,0.6232709625071664,0.46878608827599133,0
2026-04-01 03:08:39+00:00,ETH-USD,0,0.47945984919370327,0.17003035228071617,0
2026-04-01 03:08:40+00:00,ETH-USD,0,0.4878516005243121,0.1678505798623569,0
2026-04-01 03:08:40+00:00,BTC-USD,1,0.6232783453968009,0.4699301874134514,0
2026-04-01 03:08:41+00:00,BTC-USD,1,0.6232683213979056,0.5364473785990505,0
2026-04-01 03:08:41+00:00,ETH-USD,0,0.4877526395187957,0.23311735909155543,0
2026-04-01 03:08:42+00:00,ETH-USD,0,0.5638126162756034,0.34145989291028866,0
2026-04-01 03:08:42+00:00,BTC-USD,1,0.6260065721317377,0.5683777346321064,0
2026-04-01 03:08:43+00:00,ETH-USD,0,0.5668266833172034,0.3111494369364802,0
2026-04-01 03:08:43+00:00,BTC-USD,1,0.6260065721317377,0.4982064923583312,0
2026-04-01 03:08:44+00:00,ETH-USD,0,0.5750925516022981,0.2899930400566579,0
2026-04-01 03:08:44+00:00,BTC-USD,1,0.6252288944667066,0.5162180561455215,0
2026-04-01 03:08:45+00:00,ETH-USD,0,0.5719685719798404,0.31420482234886105,0
2026-04-01 03:08:45+00:00,BTC-USD,1,0.5954163444754564,0.44176939833998596,0
2026-04-01 03:08:46+00:00,BTC-USD,1,0.5936448178137714,0.36974843247630085,0
2026-04-01 03:08:46+00:00,ETH-USD,0,0.5795664581547986,0.2834691449597487,0
2026-04-01 03:08:47+00:00,BTC-USD,1,0.5936568566556135,0.3988141228081829,0
2026-04-01 03:08:47+00:00,ETH-USD,0,0.5710942204330592,0.3024416702007114,0
2026-04-01 03:08:48+00:00,BTC-USD,1,0.6459885144346823,0.09427994080510163,0
2026-04-01 03:08:48+00:00,ETH-USD,0,0.5439599310656552,0.1770319278186655,0
2026-04-01 03:08:49+00:00,ETH-USD,0,0.5494966007462405,0.18360925273660567,0
2026-04-01 03:08:49+00:00,BTC-USD,1,0.6472829167773058,0.4206629856039301,0
2026-04-01 03:08:50+00:00,BTC-USD,1,0.6472829167773058,0.44243162270337977,0
2026-04-01 03:08:50+00:00,ETH-USD,0,0.5546485542581591,0.18617321608465673,0
2026-04-01 03:08:51+00:00,ETH-USD,0,0.5427492269172683,0.21339263816999204,0
2026-04-01 03:08:51+00:00,BTC-USD,1,0.6380978612149407,0.47466004733361017,0
2026-04-01 03:08:52+00:00,BTC-USD,1,0.6486788172639173,0.4134297512562009,0
2026-04-01 03:08:52+00:00,ETH-USD,0,0.5064330660309226,0.2265572412818446,0
2026-04-01 03:08:53+00:00,BTC-USD,1,0.6550786345322318,0.4940016389053745,0
2026-04-01 03:08:53+00:00,ETH-USD,0,0.5064330660309226,0.2634732770299118,0
2026-04-01 03:08:54+00:00,BTC-USD,1,0.6550786345322318,0.5554684043323493,0
2026-04-01 03:08:54+00:00,ETH-USD,0,0.5297626429575434,0.24764001341219305,0
2026-04-01 03:08:55+00:00,BTC-USD,1,0.7234067205569554,0.6037142266841422,1
2026-04-01 03:08:55+00:00,ETH-USD,1,0.6474339334927027,0.3439687043161385,0
2026-04-01 03:08:56+00:00,BTC-USD,1,1.2401065610932682,0.9427435596999607,1
2026-04-01 03:08:56+00:00,ETH-USD,1,1.301616817929197,0.9267569264815025,1
2026-04-01 03:08:57+00:00,BTC-USD,1,1.3619979583452853,0.9725592178921422,1
2026-04-01 03:08:57+00:00,ETH-USD,1,2.383001051255221,0.9975558452718735,1
2026-04-01 03:08:58+00:00,BTC-USD,1,1.364821981722064,0.9847875935787352,1
2026-04-01 03:08:58+00:00,ETH-USD,1,2.3881494617886703,0.9998705470189732,1
2026-04-01 03:08:59+00:00,ETH-USD,1,2.375180381665366,0.99992698540355,1
2026-04-01 03:08:59+00:00,BTC-USD,1,1.3792919239167594,0.9912961428439385,1
2026-04-01 03:09:00+00:00,BTC-USD,1,1.381446479305233,0.9933704988832799,1
2026-04-01 03:09:00+00:00,ETH-USD,1,2.305551081863813,0.9998064870725492,1
2026-04-01 03:09:01+00:00,BTC-USD,1,1.4906283510622693,0.9904726787929907,1
2026-04-01 03:09:01+00:00,ETH-USD,1,2.40400069623631,0.999636248030622,1
2026-04-01 03:09:02+00:00,ETH-USD,1,2.4113291992116626,0.99998290049681,1
2026-04-01 03:09:02+00:00,BTC-USD,1,1.5050993117262612,0.9959665848193576,1
2026-04-01 03:09:03+00:00,ETH-USD,1,2.4411576543987423,0.9999909556618514,1
2026-04-01 03:09:03+00:00,BTC-USD,1,1.5075956339972765,0.9968898296918017,1
2026-04-01 03:09:04+00:00,BTC-USD,1,1.4231033162259414,0.9951068929434546,1
2026-04-01 03:09:04+00:00,ETH-USD,1,2.429780374306433,0.9999941317500382,1
2026-04-01 03:09:05+00:00,ETH-USD,1,2.4799164027052245,0.9999968847134556,1
2026-04-01 03:09:05+00:00,BTC-USD,1,1.4462984396052838,0.9973215977257046,1
2026-04-01 03:09:06+00:00,ETH-USD,1,2.5023920817973786,0.99999762835495,1
2026-04-01 03:09:06+00:00,BTC-USD,1,1.4438379361967815,0.9973896155007849,1
2026-04-01 03:09:07+00:00,ETH-USD,1,2.5417682760401132,0.9999985625933618,1
2026-04-01 03:09:07+00:00,BTC-USD,1,1.4460006575712292,0.9980814242984375,1
2026-04-01 03:09:08+00:00,ETH-USD,1,2.5704204771881183,0.9999988763857508,1
2026-04-01 03:09:08+00:00,BTC-USD,1,1.4616922122732496,0.9983482276280572,1
2026-04-01 03:09:09+00:00,ETH-USD,1,2.5565772023305873,0.9999990997848011,1
2026-04-01 03:09:09+00:00,BTC-USD,1,1.4510356284716348,0.9985009737773727,1
2026-04-01 03:09:10+00:00,ETH-USD,1,2.5866350742513933,0.9999991269086514,1
2026-04-01 03:09:10+00:00,BTC-USD,1,1.4181841954950416,0.9976546053651327,1
2026-04-01 03:09:11+00:00,ETH-USD,1,2.57147041289387,0.9999975638085579,1
2026-04-01 03:09:11+00:00,BTC-USD,1,1.2746611164803914,0.9886183988724557,1
2026-04-01 03:09:12+00:00,BTC-USD,1,1.2652029081067722,0.9772652533056021,1
2026-04-01 03:09:12+00:00,ETH-USD,1,2.5542805001976387,0.9999652366410235,1
2026-04-01 03:09:13+00:00,BTC-USD,1,1.1844787859561334,0.9667471536056128,1
2026-04-01 03:09:13+00:00,ETH-USD,1,2.569246230718573,0.9999394688445821,1
2026-04-01 03:09:14+00:00,BTC-USD,1,1.1844787859561334,0.9559151337117371,1
2026-04-01 03:09:14+00:00,ETH-USD,1,2.570382840797776,0.9999591490715422,1
2026-04-01 03:09:15+00:00,ETH-USD,1,2.5284923068014438,0.9999550365954798,1
2026-04-01 03:09:15+00:00,BTC-USD,1,1.0394848188894663,0.9060772181030982,1
2026-04-01 03:09:16+00:00,ETH-USD,1,2.4918950773278032,0.9998646813787156,1
2026-04-01 03:09:16+00:00,BTC-USD,1,1.041395793990369,0.781083362834176,1
2026-04-01 03:09:17+00:00,BTC-USD,1,1.0468211295354137,0.8119751910322269,1
2026-04-01 03:09:17+00:00,ETH-USD,1,2.5146389280675603,0.9998828250600552,1
2026-04-01 03:09:18+00:00,BTC-USD,1,1.0093164195194577,0.805755753889443,1
2026-04-01 03:09:18+00:00,ETH-USD,1,2.5146389280675603,0.999894543495992,1
2026-04-01 03:09:19+00:00,ETH-USD,1,2.5150244730019833,0.9999054493785595,1
2026-04-01 03:09:19+00:00,BTC-USD,1,1.0095407816517754,0.8235739360744905,1
2026-04-01 03:09:20+00:00,ETH-USD,1,2.5064739458654985,0.9998845250618235,1
2026-04-01 03:09:20+00:00,BTC-USD,1,1.0362950304435872,0.8291805297063012,1
2026-04-01 03:09:21+00:00,ETH-USD,1,2.515549807972749,0.9998873809114793,1
2026-04-01 03:09:21+00:00,BTC-USD,1,1.0732865591970289,0.8359326684304753,1
2026-04-01 03:09:22+00:00,ETH-USD,1,2.5227521381552043,0.9998513046243711,1
2026-04-01 03:09:22+00:00,BTC-USD,1,1.0732865591970289,0.8358450695191948,1
2026-04-01 03:09:23+00:00,ETH-USD,1,2.5121627548846166,0.9998572644217474,1
2026-04-01 03:09:23+00:00,BTC-USD,1,1.0970093062966593,0.8455197288669165,1
2026-04-01 03:09:24+00:00,ETH-USD,1,2.515576762278427,0.9996404433418513,1
2026-04-01 03:09:24+00:00,BTC-USD,1,1.1002457453208874,0.8804151449374003,1
2026-04-01 03:09:25+00:00,BTC-USD,1,1.1170596979290057,0.8679013966534793,1
2026-04-01 03:09:25+00:00,ETH-USD,1,2.528662102874424,0.9998141622295217,1
2026-04-01 03:09:26+00:00,BTC-USD,1,1.119818219141036,0.9103545062494058,1
2026-04-01 03:09:26+00:00,ETH-USD,1,2.528662102874424,0.9998623917637471,1
2026-04-01 03:09:27+00:00,BTC-USD,1,1.1197927357557362,0.9198647684024924,1
2026-04-01 03:09:27+00:00,ETH-USD,1,2.528662102874424,0.99987669489128,1
2026-04-01 03:09:28+00:00,ETH-USD,1,2.533996931074057,0.9998308277800099,1
2026-04-01 03:09:28+00:00,BTC-USD,1,1.093317191901592,0.9173718140842624,1
2026-04-01 03:09:29+00:00,BTC-USD,1,1.093317191901592,0.9378103421493396,1
2026-04-01 03:09:29+00:00,ETH-USD,1,2.5422121639227058,0.9998729387292958,1
2026-04-01 03:09:30+00:00,ETH-USD,1,2.5478867770807163,0.9998492924941964,1
2026-04-01 03:09:30+00:00,BTC-USD,1,1.1486952878343164,0.924513570294257,1
2026-04-01 03:09:31+00:00,BTC-USD,1,1.140410452391975,0.9417298262289201,1
2026-04-01 03:09:31+00:00,ETH-USD,1,2.651139863082407,0.9998660585241574,1
2026-04-01 03:09:32+00:00,BTC-USD,1,1.1403039960698387,0.9496737445305227,1
2026-04-01 03:09:32+00:00,ETH-USD,1,2.6694558842384555,0.999648042916837,1
2026-04-01 03:09:33+00:00,BTC-USD,1,1.1130857976236932,0.9317066933225694,1
2026-04-01 03:09:33+00:00,ETH-USD,1,2.6177855123756273,0.9999232600416592,1
2026-04-01 03:09:34+00:00,BTC-USD,1,1.1130857976236932,0.948968831704919,1
2026-04-01 03:09:34+00:00,ETH-USD,1,2.62723300515662,0.9999145372051662,1
2026-04-01 03:09:35+00:00,BTC-USD,1,1.11248420679321,0.9401378415499099,1
2026-04-01 03:09:35+00:00,ETH-USD,1,2.62723300515662,0.9999453720724595,1
2026-04-01 03:09:36+00:00,BTC-USD,1,1.1142808381037428,0.9249967447042422,1
2026-04-01 03:09:36+00:00,ETH-USD,1,2.626314964429774,0.9999338282311541,1
2026-04-01 03:09:37+00:00,BTC-USD,1,1.1137049645221362,0.9326664596038193,1
2026-04-01 03:09:37+00:00,ETH-USD,1,2.630563232255564,0.9999222490795959,1
2026-04-01 03:09:38+00:00,BTC-USD,1,1.115352457226487,0.9421717957192312,1
2026-04-01 03:09:38+00:00,ETH-USD,1,2.663193856084031,0.9999500809089065,1
2026-04-01 03:09:39+00:00,ETH-USD,1,2.672984295027615,0.9999135665606763,1
2026-04-01 03:09:39+00:00,BTC-USD,1,1.1146298599004696,0.9367513495695722,1
2026-04-01 03:09:40+00:00,ETH-USD,1,2.679524211977868,0.9999508572142966,1
2026-04-01 03:09:40+00:00,BTC-USD,1,1.1151221443691193,0.9423449253225834,1
2026-04-01 03:09:41+00:00,ETH-USD,1,2.6780573060161434,0.9999547120121767,1
2026-04-01 03:09:41+00:00,BTC-USD,1,1.1148617441339455,0.94301782902593,1
2026-04-01 03:09:42+00:00,ETH-USD,1,2.822352429671411,0.9999376346081564,1
2026-04-01 03:09:42+00:00,BTC-USD,1,1.1221823413350225,0.9234452487639616,1
2026-04-01 03:09:43+00:00,ETH-USD,1,2.822401357819245,0.9999775926265811,1
2026-04-01 03:09:43+00:00,BTC-USD,1,1.1693904890851765,0.5491482794941838,0
2026-04-01 03:09:44+00:00,ETH-USD,1,2.9476659841410378,0.9999760759608111,1
2026-04-01 03:09:44+00:00,BTC-USD,1,1.168493887695031,0.9483575351939145,1
2026-04-01 03:09:45+00:00,ETH-USD,1,2.9515344135893504,0.9999868532897683,1
2026-04-01 03:09:45+00:00,BTC-USD,1,1.1673439977319142,0.9401448267994079,1
2026-04-01 03:09:46+00:00,BTC-USD,1,1.1872040462484268,0.9524655498900209,1
2026-04-01 03:09:46+00:00,ETH-USD,1,2.9732816536715543,0.9999916879004063,1
2026-04-01 03:09:47+00:00,BTC-USD,1,1.1860942273105661,0.9490956614643099,1
2026-04-01 03:09:47+00:00,ETH-USD,1,2.9792809405733975,0.9999906218173328,1
2026-04-01 03:09:48+00:00,BTC-USD,1,1.2409047699953542,0.9408891711494936,1
2026-04-01 03:09:48+00:00,ETH-USD,1,3.045094102939548,0.9999896126317922,1
2026-04-01 03:09:49+00:00,BTC-USD,1,1.9909874702864385,0.9981668646505665,1
2026-04-01 03:09:49+00:00,ETH-USD,1,3.2868603297719026,0.9999948531948457,1
2026-04-01 03:09:50+00:00,ETH-USD,1,3.4608764267737686,0.9999939283701123,1
2026-04-01 03:09:50+00:00,BTC-USD,1,2.081106837014429,0.9984456286999733,1
2026-04-01 03:09:51+00:00,BTC-USD,1,2.0958795869738758,0.9996188800983937,1
2026-04-01 03:09:51+00:00,ETH-USD,1,3.4594020132260934,0.9999993672577552,1
2026-04-01 03:09:52+00:00,BTC-USD,1,2.0802006028756472,0.9997799359486211,1
2026-04-01 03:09:52+00:00,ETH-USD,1,3.4561615470579663,0.9999996133934166,1
2026-04-01 03:09:53+00:00,BTC-USD,1,2.1659392191004785,0.9999024740699561,1
2026-04-01 03:09:53+00:00,ETH-USD,1,3.638686849358518,0.9999997950156845,1
2026-04-01 03:09:54+00:00,ETH-USD,1,3.719171393291674,0.9999997829396519,1
2026-04-01 03:09:54+00:00,BTC-USD,1,2.1757976462602246,0.9998401531799591,1
2026-04-01 03:09:55+00:00,ETH-USD,1,3.7068150601886933,0.9999998931314146,1
2026-04-01 03:09:55+00:00,BTC-USD,1,2.1580361789406717,0.9998308866469763,1
2026-04-01 03:09:56+00:00,ETH-USD,1,3.430022751131763,0.9999997244192116,1
2026-04-01 03:09:56+00:00,BTC-USD,1,1.8274645911628349,0.9996002116384292,1
2026-04-01 03:09:57+00:00,ETH-USD,1,2.8173637332854278,0.9999968219964102,1
2026-04-01 03:09:57+00:00,BTC-USD,1,1.8302433157942644,0.9997230355975802,1
2026-04-01 03:09:58+00:00,ETH-USD,1,2.833556606861784,0.9999966824917348,1
2026-04-01 03:09:58+00:00,BTC-USD,1,1.8816572229506416,0.9998005222020094,1
2026-04-01 03:09:59+00:00,ETH-USD,1,3.0814604296565227,0.999999028383593,1
2026-04-01 03:09:59+00:00,BTC-USD,1,1.9605700747872319,0.9998561747386773,1
2026-04-01 03:10:00+00:00,ETH-USD,1,3.2028959339497365,0.9999993578633251,1
2026-04-01 03:10:00+00:00,BTC-USD,1,1.9202597186640922,0.9998496750485436,1
2026-04-01 03:10:01+00:00,ETH-USD,1,3.2251220683153963,0.9999993566804466,1
2026-04-01 03:10:01+00:00,BTC-USD,1,1.927461507536636,0.9998680749602875,1
2026-04-01 03:10:02+00:00,ETH-USD,1,3.237933314578459,0.9999995075902675,1
2026-04-01 03:10:02+00:00,BTC-USD,1,1.9624383602062672,0.999872932943444,1
2026-04-01 03:10:03+00:00,BTC-USD,1,2.0188187450070747,0.9997840095791163,1
2026-04-01 03:10:03+00:00,ETH-USD,1,3.2225192670971574,0.9999995774961561,1
2026-04-01 03:10:04+00:00,ETH-USD,1,3.224648140354006,0.9999960764899386,1
2026-04-01 03:10:04+00:00,BTC-USD,1,2.093816666001118,0.9739335352363957,1
2026-04-01 03:10:05+00:00,ETH-USD,1,3.235394790948155,0.9999949543298878,1
2026-04-01 03:10:05+00:00,BTC-USD,1,2.0947060515115856,0.9993428428729947,1
2026-04-01 03:10:06+00:00,BTC-USD,1,2.1395301916869816,0.9994523065303891,1
2026-04-01 03:10:06+00:00,ETH-USD,1,3.235976378197586,0.9999934672636754,1
2026-04-01 03:10:07+00:00,ETH-USD,1,3.204718927097685,0.999998619367498,1
2026-04-01 03:10:07+00:00,BTC-USD,1,2.138702029940783,0.9990781344800759,1
2026-04-01 03:10:08+00:00,ETH-USD,1,3.217695115317323,0.9999978574445252,1
2026-04-01 03:10:08+00:00,BTC-USD,1,2.128722300789091,0.9996983256416667,1
2026-04-01 03:10:09+00:00,BTC-USD,1,2.105721218948861,0.9995955752553761,1
2026-04-01 03:10:09+00:00,ETH-USD,1,3.2006339029340967,0.9999973696247864,1
2026-04-01 03:10:10+00:00,BTC-USD,1,2.106227656042512,0.9997925242470252,1
2026-04-01 03:10:10+00:00,ETH-USD,1,3.180887693966971,0.9999988962914725,1
2026-04-01 03:10:11+00:00,BTC-USD,1,2.109826277547418,0.9997888703077027,1
2026-04-01 03:10:11+00:00,ETH-USD,1,3.179913963366522,0.9999991835613751,1
2026-04-01 03:10:12+00:00,BTC-USD,1,2.133021862299089,0.9998250048232405,1
2026-04-01 03:10:12+00:00,ETH-USD,1,3.1810479370100753,0.9999992146701379,1
2026-04-01 03:10:13+00:00,BTC-USD,1,2.1540867112424205,0.999820381060465,1
2026-04-01 03:10:13+00:00,ETH-USD,1,3.1771436356422025,0.9999990464436017,1
2026-04-01 03:10:14+00:00,BTC-USD,1,2.155596489497015,0.9998134080339058,1
2026-04-01 03:10:14+00:00,ETH-USD,1,3.184473376176565,0.9999987916749714,1
2026-04-01 03:10:15+00:00,ETH-USD,1,3.1842346994740796,0.9999984524557161,1
2026-04-01 03:10:15+00:00,BTC-USD,1,2.135659814605843,0.9998235212746894,1
2026-04-01 03:10:16+00:00,ETH-USD,1,3.1779765419744135,0.9999972875652655,1
2026-04-01 03:10:16+00:00,BTC-USD,1,2.1245636375031993,0.9997717657947389,1
2026-04-01 03:10:17+00:00,ETH-USD,1,3.15878486897656,0.9999977797726456,1
2026-04-01 03:10:17+00:00,BTC-USD,1,2.11946261939519,0.9997688303253481,1
2026-04-01 03:10:18+00:00,BTC-USD,1,2.119961178904709,0.9997006075944851,1
2026-04-01 03:10:18+00:00,ETH-USD,1,3.15878486897656,0.9999980849977472,1
2026-04-01 03:10:19+00:00,BTC-USD,1,2.119464997807328,0.9994951515337496,1
2026-04-01 03:10:19+00:00,ETH-USD,1,3.15878486897656,0.9999980154421432,1
2026-04-01 03:10:20+00:00,BTC-USD,1,2.0986555242906433,0.9994340509009202,1
2026-04-01 03:10:20+00:00,ETH-USD,1,3.15878486897656,0.9999971243071035,1
2026-04-01 03:10:21+00:00,BTC-USD,1,2.0771861683626778,0.9991018626732535,1
2026-04-01 03:10:21+00:00,ETH-USD,1,3.154393014124625,0.9999972475812936,1
2026-04-01 03:10:22+00:00,BTC-USD,1,2.1481493183315172,0.9995548750893892,1
2026-04-01 03:10:22+00:00,ETH-USD,1,3.172497002646345,0.9999973950959727,1
2026-04-01 03:10:23+00:00,BTC-USD,1,2.137344606653043,0.9994997559940562,1
2026-04-01 03:10:23+00:00,ETH-USD,1,3.179215920015258,0.9999954440289809,1
2026-04-01 03:10:24+00:00,ETH-USD,1,3.175997597961019,0.9999954348065434,1
2026-04-01 03:10:24+00:00,BTC-USD,1,2.13413904177851,0.9993446553946379,1
2026-04-01 03:10:25+00:00,ETH-USD,1,3.1652729804642643,0.9999957649406485,1
2026-04-01 03:10:25+00:00,BTC-USD,1,2.1320919197475225,0.999619632439753,1
2026-04-01 03:10:26+00:00,ETH-USD,1,3.1652729804642643,0.9999959192217486,1
2026-04-01 03:10:26+00:00,BTC-USD,1,2.1295954886511534,0.9996005680176452,1
2026-04-01 03:10:27+00:00,ETH-USD,1,3.2936234209295754,0.9999973369009736,1
2026-04-01 03:10:27+00:00,BTC-USD,1,2.2655498413226987,0.9996271896124573,1
2026-04-01 03:10:28+00:00,BTC-USD,1,2.265294989610491,0.9997586755376977,1
2026-04-01 03:10:28+00:00,ETH-USD,1,3.291269180272966,0.9999934906190022,1
2026-04-01 03:10:29+00:00,BTC-USD,1,2.265294989610491,0.9997905591341503,1
2026-04-01 03:10:29+00:00,ETH-USD,1,3.2818676216055467,0.9999986526417671,1
2026-04-01 03:10:30+00:00,ETH-USD,1,3.307214171530902,0.9999985845594983,1
2026-04-01 03:10:30+00:00,BTC-USD,1,2.230586080772144,0.9997866055433771,1
2026-04-01 03:10:31+00:00,ETH-USD,1,3.235748950514729,0.9999979842865082,1
2026-04-01 03:10:31+00:00,BTC-USD,1,2.2595808445840686,0.999837523842482,1
2026-04-01 03:10:32+00:00,ETH-USD,1,3.2169127199098124,0.9999980560135869,1
2026-04-01 03:10:32+00:00,BTC-USD,1,2.259890872957783,0.9998185942662866,1
2026-04-01 03:10:33+00:00,BTC-USD,1,2.2480399798167356,0.9998658040205203,1
2026-04-01 03:10:33+00:00,ETH-USD,1,3.2222425772727554,0.9999980339591101,1
2026-04-01 03:10:34+00:00,ETH-USD,1,3.208875821104915,0.9999981103508492,1
2026-04-01 03:10:34+00:00,BTC-USD,1,2.254568130980918,0.9998883174243887,1
2026-04-01 03:10:35+00:00,ETH-USD,1,3.230856297945356,0.9999983055983312,1
2026-04-01 03:10:35+00:00,BTC-USD,1,2.252430957555808,0.9999067922243661,1
2026-04-01 03:10:36+00:00,ETH-USD,1,3.2498478888087483,0.999998161375158,1
2026-04-01 03:10:36+00:00,BTC-USD,1,2.25600786283271,0.9998984090758335,1
2026-04-01 03:10:37+00:00,ETH-USD,1,3.2565420397276963,0.9999981574201025,1
2026-04-01 03:10:37+00:00,BTC-USD,1,2.415660690977899,0.9999123072314866,1
2026-04-01 03:10:38+00:00,ETH-USD,1,3.2376532678786765,0.9999960626042648,1
2026-04-01 03:10:38+00:00,BTC-USD,1,2.4207708898990625,0.999909610780242,1
2026-04-01 03:10:39+00:00,ETH-USD,1,3.222070693691684,0.9999983394944186,1
2026-04-01 03:10:39+00:00,BTC-USD,1,2.420725136120761,0.9999302212227386,1
2026-04-01 03:10:40+00:00,ETH-USD,1,3.2662105480649584,0.9999970522927182,1
2026-04-01 03:10:40+00:00,BTC-USD,1,2.433614147528753,0.9999356003169277,1
2026-04-01 03:10:41+00:00,BTC-USD,1,2.4336436307986498,0.9999307944491331,1
2026-04-01 03:10:41+00:00,ETH-USD,1,3.2650754666537156,0.9999985933478657,1
2026-04-01 03:10:42+00:00,ETH-USD,1,3.0414610121351493,0.9999901061034149,1
2026-04-01 03:10:42+00:00,BTC-USD,1,2.4222797645926706,0.9998064526256698,1
2026-04-01 03:10:43+00:00,BTC-USD,1,2.3800832786686783,0.9998034958681594,1
2026-04-01 03:10:43+00:00,ETH-USD,1,3.0399537812877213,0.9999891142780085,1
2026-04-01 03:10:44+00:00,ETH-USD,1,2.8854868057373495,0.9999812281685708,1
2026-04-01 03:10:44+00:00,BTC-USD,1,2.3781484461321667,0.9998399723193778,1
2026-04-01 03:10:45+00:00,ETH-USD,1,2.870515377308451,0.9999771354801457,1
2026-04-01 03:10:45+00:00,BTC-USD,1,2.3777371378011334,0.9998567157213889,1
2026-04-01 03:10:46+00:00,ETH-USD,1,2.864303852501609,0.9999812207721058,1
2026-04-01 03:10:46+00:00,BTC-USD,1,2.3688121598213217,0.9998563144557217,1
2026-04-01 03:10:47+00:00,ETH-USD,1,2.8360468861602555,0.9999824644796335,1
2026-04-01 03:10:47+00:00,BTC-USD,1,2.3683113248947523,0.9998654615915388,1
2026-04-01 03:10:48+00:00,ETH-USD,1,2.7176157887865093,0.9999745996486057,1
2026-04-01 03:10:48+00:00,BTC-USD,1,2.2916768338495235,0.9998082912612785,1
2026-04-01 03:10:49+00:00,ETH-USD,1,2.3249408889797,0.9998552242711902,1
2026-04-01 03:10:49+00:00,BTC-USD,1,1.5162897413011027,0.9926433583823997,1
2026-04-01 03:10:50+00:00,ETH-USD,1,1.9628209744743972,0.999185186020037,1
2026-04-01 03:10:50+00:00,BTC-USD,1,1.3489560845944053,0.984777115747291,1
2026-04-01 03:10:51+00:00,ETH-USD,1,1.9656970300846386,0.9991872355994676,1
2026-04-01 03:10:51+00:00,BTC-USD,1,1.2937920081498073,0.9808703785443809,1
2026-04-01 03:10:52+00:00,BTC-USD,1,1.340939581446379,0.9253499437326327,1
2026-04-01 03:10:52+00:00,ETH-USD,1,2.035443748218185,0.9960009645369208,1
2026-04-01 03:10:53+00:00,ETH-USD,1,1.9305296579400788,0.9983649261649777,1
2026-04-01 03:10:53+00:00,BTC-USD,1,1.2901407865020487,0.9236385187908256,1
2026-04-01 03:10:54+00:00,BTC-USD,1,1.2460991253077123,0.9264124858034569,1
2026-04-01 03:10:54+00:00,ETH-USD,1,1.697508876665082,0.9964183352347545,1
2026-04-01 03:10:55+00:00,ETH-USD,1,1.758742213023412,0.9937247176122807,1
2026-04-01 03:10:55+00:00,BTC-USD,1,1.2107002501947783,0.91075595039701,1
2026-04-01 03:10:56+00:00,BTC-USD,1,1.2271093868588512,0.8982012666102385,1
2026-04-01 03:10:56+00:00,ETH-USD,1,1.798614342596328,0.99101455227944,1
2026-04-01 03:10:57+00:00,ETH-USD,1,1.6589034426762392,0.9904344997266689,1
2026-04-01 03:10:57+00:00,BTC-USD,1,1.154898792295435,0.8474966342763286,1
2026-04-01 03:10:58+00:00,BTC-USD,1,1.1104049181700513,0.8254028209430336,1
2026-04-01 03:10:58+00:00,ETH-USD,1,1.6561371686194803,0.9878116504862728,1
2026-04-01 03:10:59+00:00,ETH-USD,1,1.3849782472446364,0.906386781733454,1
2026-04-01 03:10:59+00:00,BTC-USD,1,1.020869403546711,0.7589534979288691,1
2026-04-01 03:11:00+00:00,BTC-USD,1,1.0468264485793592,0.8305598403223761,1
2026-04-01 03:11:00+00:00,ETH-USD,1,1.2062971986047109,0.8536000730506228,1
2026-04-01 03:11:01+00:00,ETH-USD,1,1.0595152460654764,0.6893184698805079,1
2026-04-01 03:11:01+00:00,BTC-USD,1,1.0171431956512431,0.5425534817291654,0
2026-04-01 03:11:02+00:00,ETH-USD,1,1.0425341786505158,0.7064740383440494,1
2026-04-01 03:11:02+00:00,BTC-USD,1,0.9737535525276978,0.7297265427500954,1
2026-04-01 03:11:03+00:00,ETH-USD,1,1.0423939235343298,0.7422472796806859,1
2026-04-01 03:11:03+00:00,BTC-USD,1,0.8814298766012479,0.6625222917678258,1
2026-04-01 03:11:04+00:00,ETH-USD,1,1.0356070812035982,0.761123338937319,1
2026-04-01 03:11:04+00:00,BTC-USD,1,0.7404582883616465,0.566851347184651,0
2026-04-01 03:11:05+00:00,BTC-USD,1,0.7279814703319365,0.566078895805103,0
2026-04-01 03:11:05+00:00,ETH-USD,1,0.908190117741799,0.6684485502220888,1
2026-04-01 03:11:06+00:00,BTC-USD,1,0.6808114908461532,0.5143018802878404,0
2026-04-01 03:11:06+00:00,ETH-USD,1,0.8898663144012042,0.6163277770682618,1
2026-04-01 03:11:07+00:00,ETH-USD,0,0.881448064202991,0.5688056764513346,0
2026-04-01 03:11:07+00:00,BTC-USD,1,0.6773206382717808,0.5087357142785579,0
2026-04-01 03:11:08+00:00,BTC-USD,1,0.6810827274558621,0.46923069080600066,0
2026-04-01 03:11:08+00:00,ETH-USD,0,0.8067996226136913,0.45828880405339445,0
2026-04-01 03:11:09+00:00,ETH-USD,0,0.8059064879184655,0.498439995751447,0
2026-04-01 03:11:09+00:00,BTC-USD,1,0.6815662309492058,0.5555172974818651,0
2026-04-01 03:11:10+00:00,BTC-USD,1,0.6970459700489798,0.5916471313350996,0
2026-04-01 03:11:10+00:00,ETH-USD,0,0.8057965124782507,0.49511370864958654,0
2026-04-01 03:11:11+00:00,BTC-USD,1,0.6831731514847855,0.5625476411588379,0
2026-04-01 03:11:11+00:00,ETH-USD,0,0.8051183484540136,0.46993727277047603,0
2026-04-01 03:11:12+00:00,BTC-USD,1,0.6674488284454554,0.5308976447448217,0
2026-04-01 03:11:12+00:00,ETH-USD,1,0.8188440354407339,0.5075385107495611,0
2026-04-01 03:11:13+00:00,BTC-USD,1,0.6612006153235749,0.524179427358011,0
2026-04-01 03:11:13+00:00,ETH-USD,1,0.907336680913815,0.6007972824167245,0
2026-04-01 03:11:14+00:00,BTC-USD,1,0.6666595770314747,0.504474647758987,0
2026-04-01 03:11:14+00:00,ETH-USD,1,0.9202461295811588,0.5499965311034917,0
2026-04-01 03:11:15+00:00,BTC-USD,1,0.6724938477715948,0.4688197687984294,0
2026-04-01 03:11:15+00:00,ETH-USD,1,0.9239445103793763,0.37923424955063445,0
2026-04-01 03:11:16+00:00,BTC-USD,1,0.6773307840368884,0.3301504146761739,0
2026-04-01 03:11:16+00:00,ETH-USD,1,0.9186089568927587,0.4742384720005539,0
2026-04-01 03:11:17+00:00,BTC-USD,1,0.7030073615519284,0.34183901811858736,0
2026-04-01 03:11:17+00:00,ETH-USD,1,0.963878484238583,0.5099634081541954,0
2026-04-01 03:11:18+00:00,BTC-USD,1,0.7265826371190534,0.3645882402345664,0
2026-04-01 03:11:18+00:00,ETH-USD,1,0.9693803357540468,0.5407007622696356,0
2026-04-01 03:11:19+00:00,BTC-USD,1,0.7254550341731005,0.3773898044463223,0
2026-04-01 03:11:19+00:00,ETH-USD,1,1.0163273904736367,0.5548328372192924,0
2026-04-01 03:11:20+00:00,ETH-USD,1,1.0341212853224504,0.5501160640237355,0
2026-04-01 03:11:20+00:00,BTC-USD,1,0.7475273645103127,0.43456514213137193,0
2026-04-01 03:11:21+00:00,BTC-USD,1,0.7151445677003081,0.40438810675803755,0
2026-04-01 03:11:21+00:00,ETH-USD,1,1.0339534714718877,0.5957316800394648,0
2026-04-01 03:11:22+00:00,ETH-USD,1,1.008968738485248,0.5880591399187084,0
2026-04-01 03:11:22+00:00,BTC-USD,1,0.6461110241766206,0.31759249996800976,0
2026-04-01 03:11:23+00:00,BTC-USD,1,0.7764566776760694,0.23916408423599753,0
2026-04-01 03:11:23+00:00,ETH-USD,1,1.1051596181833716,0.6929324743703251,1
2026-04-01 03:11:24+00:00,ETH-USD,1,1.1049222630127893,0.8029414239303689,1
2026-04-01 03:11:24+00:00,BTC-USD,1,0.7789952543382598,0.5377680988821892,0
2026-04-01 03:11:25+00:00,ETH-USD,1,1.1136945569692984,0.8295136787139434,1
2026-04-01 03:11:25+00:00,BTC-USD,1,0.7746007879129875,0.5907707242749873,0
2026-04-01 03:11:26+00:00,BTC-USD,1,0.7785637831767854,0.6104649438462867,1
2026-04-01 03:11:26+00:00,ETH-USD,0,1.1260646429529113,0.8380321907993925,1
2026-04-01 03:11:27+00:00,BTC-USD,1,0.4960757441788935,0.3878020216692893,0
2026-04-01 03:11:27+00:00,ETH-USD,1,0.8231967379935198,0.6481813141833278,1
2026-04-01 03:11:28+00:00,BTC-USD,1,0.5599342092057011,0.34727324806199905,0
2026-04-01 03:11:28+00:00,ETH-USD,1,0.8740610129351257,0.5210006054983709,0
2026-04-01 03:11:29+00:00,ETH-USD,1,0.982064880553253,0.5358890281963274,0
2026-04-01 03:11:29+00:00,BTC-USD,1,0.5607929182106511,0.4456119526170108,0
2026-04-01 03:11:30+00:00,ETH-USD,1,0.944713285436294,0.6589362817330929,1
2026-04-01 03:11:30+00:00,BTC-USD,1,0.5674010481574021,0.4334355738444445,0
2026-04-01 03:11:31+00:00,ETH-USD,1,0.9221840741842157,0.665696973862411,1
2026-04-01 03:11:31+00:00,BTC-USD,1,0.5314675129640238,0.46091916010805073,0
2026-04-01 03:11:32+00:00,ETH-USD,1,0.9221840741842157,0.6542042976535348,1
2026-04-01 03:11:32+00:00,BTC-USD,1,0.5314675129640238,0.45441170460733304,0
2026-04-01 03:11:33+00:00,ETH-USD,1,0.9168444418300745,0.6731402101917735,1
2026-04-01 03:11:33+00:00,BTC-USD,1,0.5314675129640238,0.47116670786511056,0
2026-04-01 03:11:34+00:00,ETH-USD,1,0.9195967480287897,0.629879641932325,1
2026-04-01 03:11:34+00:00,BTC-USD,1,0.5252051856428906,0.4616834928779929,0
2026-04-01 03:11:35+00:00,ETH-USD,0,0.8841667383642151,0.5749612662287793,0
2026-04-01 03:11:35+00:00,BTC-USD,1,0.5258483714420535,0.4581225145464003,0
2026-04-01 03:11:36+00:00,ETH-USD,0,0.8469463279108741,0.5624918681169067,0
2026-04-01 03:11:36+00:00,BTC-USD,0,0.5195954893203176,0.4687497834294905,0
2026-04-01 03:11:37+00:00,ETH-USD,0,0.8140855324479426,0.5489434832059708,0
2026-04-01 03:11:37+00:00,BTC-USD,0,0.210043936180745,0.154256767501543,0
2026-04-01 03:11:38+00:00,BTC-USD,0,0.19470981491758665,0.08747317424716324,0
2026-04-01 03:11:38+00:00,ETH-USD,0,0.8113357516397497,0.478898109122663,0
2026-04-01 03:11:39+00:00,ETH-USD,0,0.8085364799771553,0.4949537472285048,0
2026-04-01 03:11:39+00:00,BTC-USD,0,0.20243459680583645,0.08408313185424375,0
2026-04-01 03:11:40+00:00,ETH-USD,0,0.7089192268999558,0.35490300433691796,0
2026-04-01 03:11:40+00:00,BTC-USD,0,0.17457383737564142,0.07901607508700828,0
2026-04-01 03:11:41+00:00,ETH-USD,0,0.7581635396987217,0.4272399552396326,0
2026-04-01 03:11:41+00:00,BTC-USD,1,0.17457383737564142,0.09089469510429353,0
2026-04-01 03:11:42+00:00,BTC-USD,1,0.2532980693120406,0.15462276926969626,0
2026-04-01 03:11:42+00:00,ETH-USD,0,0.7865192528576754,0.46513892650071775,0
2026-04-01 03:11:43+00:00,BTC-USD,1,0.2535236475841078,0.10893347416972185,0
2026-04-01 03:11:43+00:00,ETH-USD,0,0.7814739541328458,0.43197190076739433,0
2026-04-01 03:11:44+00:00,ETH-USD,0,0.7460487091728395,0.11837860958531586,0
2026-04-01 03:11:44+00:00,BTC-USD,1,0.2579152516116494,0.11121598488290155,0
2026-04-01 03:11:45+00:00,ETH-USD,0,0.7429200535041378,0.27946378899990404,0
2026-04-01 03:11:45+00:00,BTC-USD,1,0.25969589100335444,0.10627381215209367,0
2026-04-01 03:11:46+00:00,ETH-USD,0,0.7429203366232189,0.3313532338996559,0
2026-04-01 03:11:46+00:00,BTC-USD,1,0.25969487872877456,0.11157285195442053,0
2026-04-01 03:11:47+00:00,ETH-USD,0,0.7428170513101855,0.33550558470723096,0
2026-04-01 03:11:47+00:00,BTC-USD,1,0.25969487872877456,0.12901561773295298,0
2026-04-01 03:11:48+00:00,BTC-USD,1,0.25969487872877456,0.13691124693150175,0
2026-04-01 03:11:48+00:00,ETH-USD,0,0.7401048507830994,0.3601240547966331,0
2026-04-01 03:11:49+00:00,BTC-USD,1,0.25969487872877456,0.13939144370577464,0
2026-04-01 03:11:49+00:00,ETH-USD,0,0.7416270157599221,0.29645990034075126,0
2026-04-01 03:11:50+00:00,ETH-USD,0,0.7409726299332178,0.31901516056057094,0
2026-04-01 03:11:50+00:00,BTC-USD,1,0.25969487872877456,0.1335071120991123,0
2026-04-01 03:11:51+00:00,BTC-USD,0,0.26882390141647217,0.08210937586305717,0
2026-04-01 03:11:51+00:00,ETH-USD,0,0.739762288048023,0.334893014958364,0
2026-04-01 03:11:52+00:00,BTC-USD,0,0.20900161242042828,0.12295948540915556,0
2026-04-01 03:11:52+00:00,ETH-USD,0,0.6300031508432893,0.2495882757608712,0
2026-04-01 03:11:53+00:00,BTC-USD,0,0.19722676085468416,0.11957279204877665,0
2026-04-01 03:11:53+00:00,ETH-USD,0,0.5711270282300429,0.2176079243055188,0
2026-04-01 03:11:54+00:00,ETH-USD,0,0.5889093776011454,0.21341020829724672,0
2026-04-01 03:11:54+00:00,BTC-USD,0,0.20094023704237626,0.11394972750155866,0
2026-04-01 03:11:55+00:00,ETH-USD,0,0.5191350652797241,0.20820606743756767,0
2026-04-01 03:11:55+00:00,BTC-USD,0,0.20046831799220838,0.13872270263772,0
2026-04-01 03:11:56+00:00,BTC-USD,0,0.18112361380760325,0.14082305712528173,0
2026-04-01 03:11:56+00:00,ETH-USD,0,0.4561829970180165,0.14901016694971683,0
2026-04-01 03:11:57+00:00,ETH-USD,0,0.4592468203283673,0.12438313577598693,0
2026-04-01 03:11:57+00:00,BTC-USD,0,0.17932756559802457,0.061771348721941136,0
2026-04-01 03:11:58+00:00,ETH-USD,0,0.5104409333533058,0.11476694868891474,0
2026-04-01 03:11:58+00:00,BTC-USD,0,0.18302627489311657,0.09355947820227908,0
2026-04-01 03:11:59+00:00,ETH-USD,0,0.48524142554827226,0.13000742705503707,0
2026-04-01 03:11:59+00:00,BTC-USD,0,0.179012751464637,0.1055940446171367,0
2026-04-01 03:12:00+00:00,BTC-USD,0,0.12315401242057956,0.08965752996133193,0
2026-04-01 03:12:00+00:00,ETH-USD,0,0.5323914814429325,0.19008340668686632,0
2026-04-01 03:12:01+00:00,BTC-USD,0,0.004986161870712338,0.03561021597857001,0
2026-04-01 03:12:01+00:00,ETH-USD,0,0.5163027882919381,0.11413839555476273,0
2026-04-01 03:12:02+00:00,ETH-USD,0,0.5748220295953042,0.13077090631017085,0
2026-04-01 03:12:02+00:00,BTC-USD,0,0.05892771884307911,0.05413758957071873,0
2026-04-01 03:12:03+00:00,BTC-USD,0,0.05793866186594444,0.062314432145959296,0
2026-04-01 03:12:03+00:00,ETH-USD,0,0.5748220295953042,0.21208781944216187,0
2026-04-01 03:12:04+00:00,ETH-USD,0,0.5748220295953042,0.22847439767724942,0
2026-04-01 03:12:04+00:00,BTC-USD,0,0.05741778495057687,0.06871951177994357,0
2026-04-01 03:12:05+00:00,ETH-USD,0,0.5638167269961848,0.2563423915340885,0
2026-04-01 03:12:05+00:00,BTC-USD,0,0.052527595266162797,0.06786285937104451,0
2026-04-01 03:12:06+00:00,ETH-USD,0,0.5937637032422272,0.2832145122891172,0
2026-04-01 03:12:06+00:00,BTC-USD,0,0.06899533247070898,0.06839088285154522,0
2026-04-01 03:12:07+00:00,ETH-USD,0,0.59411486371267,0.29219581146538937,0
2026-04-01 03:12:07+00:00,BTC-USD,0,0.0690031610544249,0.06332040016162992,0
2026-04-01 03:12:08+00:00,BTC-USD,0,0.06258577976718031,0.06901179026997059,0
2026-04-01 03:12:08+00:00,ETH-USD,0,0.59411486371267,0.30651482969839694,0
2026-04-01 03:12:09+00:00,ETH-USD,0,0.6379523375821089,0.2806636259662634,0
2026-04-01 03:12:09+00:00,BTC-USD,0,0.09145977139697738,0.060222433210293067,0
2026-04-01 03:12:10+00:00,ETH-USD,0,0.6569141702499484,0.30671297305519285,0
2026-04-01 03:12:10+00:00,BTC-USD,0,0.07646527860852857,0.06659863702434496,0
2026-04-01 03:12:11+00:00,ETH-USD,0,0.6569141702499484,0.380910917256395,0
2026-04-01 03:12:11+00:00,BTC-USD,0,0.07855807754178924,0.04170701503841218,0
2026-04-01 03:12:12+00:00,ETH-USD,0,0.6450805304870801,0.3319843594139662,0
2026-04-01 03:12:12+00:00,BTC-USD,0,0.06639628967206877,0.05693504851276742,0
2026-04-01 03:12:13+00:00,ETH-USD,0,0.5321734985149374,0.2188413391237235,0
2026-04-01 03:12:13+00:00,BTC-USD,0,0.03905894525578925,0.04964871749908553,0
2026-04-01 03:12:14+00:00,BTC-USD,0,0.02914676274318503,0.051582164732972745,0
2026-04-01 03:12:14+00:00,ETH-USD,0,0.5051455458829472,0.2051398497752649,0
2026-04-01 03:12:15+00:00,BTC-USD,0,0.018831768666714203,0.04507597925839307,0
2026-04-01 03:12:15+00:00,ETH-USD,0,0.4987758105009054,0.1635849168063182,0
2026-04-01 03:12:16+00:00,BTC-USD,0,0.00936444354374041,0.03503736058174495,0
2026-04-01 03:12:16+00:00,ETH-USD,0,0.4983990489601607,0.1237010137902092,0
2026-04-01 03:12:17+00:00,ETH-USD,0,0.48388557519317243,0.1014712870168782,0
2026-04-01 03:12:17+00:00,BTC-USD,0,0.05481298312597505,0.037358556529044754,0
2026-04-01 03:12:18+00:00,BTC-USD,0,0.012933897689007023,0.0328600895453631,0
2026-04-01 03:12:18+00:00,ETH-USD,0,0.4729606928283481,0.08741851261294806,0
2026-04-01 03:12:19+00:00,ETH-USD,0,0.40966184145270207,0.0786364016262324,0
2026-04-01 03:12:19+00:00,BTC-USD,0,0.012933897689007023,0.034227682705118494,0
2026-04-01 03:12:20+00:00,BTC-USD,0,0.01317974041221594,0.04242409724431403,0
2026-04-01 03:12:20+00:00,ETH-USD,0,0.4096459761876002,0.08850130113558424,0
2026-04-01 03:12:21+00:00,ETH-USD,0,0.43587768682197947,0.08153236139773294,0
2026-04-01 03:12:21+00:00,BTC-USD,0,0.018357460025918565,0.03750867772592131,0
2026-04-01 03:12:22+00:00,BTC-USD,0,-0.011727467492673654,0.02594476815402796,0
2026-04-01 03:12:22+00:00,ETH-USD,0,0.43593981030619733,0.0871535980488664,0
2026-04-01 03:12:23+00:00,BTC-USD,0,-0.19963469247358717,0.011189728044128152,0
2026-04-01 03:12:23+00:00,ETH-USD,0,0.3133552134668512,0.06098195818580832,0
2026-04-01 03:12:24+00:00,BTC-USD,0,-0.20288707413095955,0.010700788783502807,0
2026-04-01 03:12:24+00:00,ETH-USD,0,0.3525787419595296,0.06391727099725279,0
2026-04-01 03:12:25+00:00,BTC-USD,0,-0.20814630404599516,0.008477379006427668,0
2026-04-01 03:12:25+00:00,ETH-USD,0,0.3372063066309185,0.05432719347043832,0
2026-04-01 03:12:26+00:00,BTC-USD,0,-0.20413339528805358,0.002212018243161585,0
2026-04-01 03:12:26+00:00,ETH-USD,0,0.38793779870031325,0.05115086804291994,0
2026-04-01 03:12:27+00:00,ETH-USD,0,0.38920988504492005,0.022866481477676184,0
2026-04-01 03:12:27+00:00,BTC-USD,0,-0.203950739502302,0.008000812597007948,0
2026-04-01 03:12:28+00:00,BTC-USD,0,-0.3022130909805481,0.005314901845613121,0
2026-04-01 03:12:28+00:00,ETH-USD,0,0.3107535488487444,0.05536913166832701,0
2026-04-01 03:12:29+00:00,ETH-USD,0,0.16438749338587716,0.03275239042412114,0
2026-04-01 03:12:29+00:00,BTC-USD,0,-0.2973415789630145,0.004793688651699885,0
2026-04-01 03:12:30+00:00,ETH-USD,0,0.16438749338587716,0.038027754890207925,0
2026-04-01 03:12:30+00:00,BTC-USD,0,-0.30640942581869457,0.006083145599168611,0
2026-04-01 03:12:31+00:00,ETH-USD,0,0.1697585400351595,0.04116793905936315,0
2026-04-01 03:12:31+00:00,BTC-USD,0,-0.30640942581869457,0.007376569327099367,0
2026-04-01 03:12:32+00:00,BTC-USD,0,-0.30640942581869457,0.0052556606385170245,0
2026-04-01 03:12:32+00:00,ETH-USD,0,0.17918041743311822,0.03163574067460886,0
2026-04-01 03:12:33+00:00,BTC-USD,0,-0.30640942581869457,0.005151873974589556,0
2026-04-01 03:12:33+00:00,ETH-USD,0,0.17934870395905178,0.041853843459285826,0
2026-04-01 03:12:34+00:00,BTC-USD,0,-0.30640942581869457,0.005354328606355872,0
2026-04-01 03:12:34+00:00,ETH-USD,0,0.22819925759083218,0.049142078655410315,0
2026-04-01 03:12:35+00:00,ETH-USD,0,0.2565419451257589,0.04864021285909881,0
2026-04-01 03:12:35+00:00,BTC-USD,0,-0.15622913326425675,0.012412749476158778,0
2026-04-01 03:12:36+00:00,BTC-USD,0,-0.1562207794365971,0.010159427108751217,0
2026-04-01 03:12:36+00:00,ETH-USD,0,0.2588555547992627,0.01649407396047318,0
2026-04-01 03:12:37+00:00,BTC-USD,0,-0.1562207794365971,0.010672632130167479,0
2026-04-01 03:12:37+00:00,ETH-USD,0,0.2677809997457898,0.058984957027926534,0
2026-04-01 03:12:38+00:00,ETH-USD,0,0.2731467578445204,0.011923049723508418,0
2026-04-01 03:12:38+00:00,BTC-USD,0,-0.1564820684354433,0.011477165117331985,0
2026-04-01 03:12:39+00:00,BTC-USD,0,-0.16329129321163494,0.011464251091982208,0
2026-04-01 03:12:39+00:00,ETH-USD,0,0.27240631526726006,0.010541539873314524,0
2026-04-01 03:12:40+00:00,BTC-USD,0,-0.13814800830501459,0.010805907585249646,0
2026-04-01 03:12:40+00:00,ETH-USD,0,0.28185049142305385,0.08095182735046468,0
2026-04-01 03:12:41+00:00,BTC-USD,0,-0.13814800830501459,0.012450527683564342,0
2026-04-01 03:12:41+00:00,ETH-USD,0,0.23294538573502627,0.04680648422848294,0
2026-04-01 03:12:42+00:00,BTC-USD,0,-0.2131885601808254,0.008511752562216963,0
2026-04-01 03:12:42+00:00,ETH-USD,0,0.24327874900160446,0.051779217337726044,0
2026-04-01 03:12:43+00:00,ETH-USD,0,0.32404910551569455,0.05071848997271507,0
2026-04-01 03:12:43+00:00,BTC-USD,0,-0.18413214534875028,0.008338019410331155,0
2026-04-01 03:12:44+00:00,ETH-USD,0,0.4233702615868402,0.06941002684097924,0
2026-04-01 03:12:44+00:00,BTC-USD,0,-0.1475879988768114,0.009990929346349266,0
2026-04-01 03:12:45+00:00,ETH-USD,0,0.4519658061220873,0.08650927042597623,0
2026-04-01 03:12:45+00:00,BTC-USD,0,-0.15004619947233966,0.012286501392210394,0
2026-04-01 03:12:46+00:00,BTC-USD,0,-0.15004336226156745,0.016138761227317753,0
2026-04-01 03:12:46+00:00,ETH-USD,0,0.45191789525234727,0.12650766749287898,0
2026-04-01 03:12:47+00:00,BTC-USD,0,-0.15004336226156745,0.018489197653337106,0
2026-04-01 03:12:47+00:00,ETH-USD,0,0.45190844315538004,0.13750876043480473,0
2026-04-01 03:12:48+00:00,BTC-USD,0,-0.15004336226156745,0.01901214934920247,0
2026-04-01 03:12:48+00:00,ETH-USD,0,0.45195701325061294,0.16404649306053057,0
2026-04-01 03:12:49+00:00,BTC-USD,0,-0.15004336226156745,0.019109482402157422,0
2026-04-01 03:12:49+00:00,ETH-USD,0,0.43311459693213217,0.15320318733634386,0
2026-04-01 03:12:50+00:00,ETH-USD,0,0.43311459693213217,0.13060770168189637,0
2026-04-01 03:12:50+00:00,BTC-USD,0,-0.15004336226156745,0.0122229739363627,0
2026-04-01 03:12:51+00:00,ETH-USD,0,0.4873917264041726,0.11387178086150561,0
2026-04-01 03:12:51+00:00,BTC-USD,0,-0.1569752096294925,0.010249991529009687,0
2026-04-01 03:12:52+00:00,BTC-USD,0,0.008310669630876033,0.01623212212325506,0
2026-04-01 03:12:52+00:00,ETH-USD,0,0.8169666631488504,0.23696827357217998,0
2026-04-01 03:12:53+00:00,BTC-USD,0,0.009747175164248579,0.030692998468842825,0
2026-04-01 03:12:53+00:00,ETH-USD,0,0.8171895426880946,0.46386729953864275,0
2026-04-01 03:12:54+00:00,BTC-USD,0,0.022656072347075458,0.03639746846749062,0
2026-04-01 03:12:54+00:00,ETH-USD,0,0.835528264724594,0.5424533572623401,0
2026-04-01 03:12:55+00:00,BTC-USD,0,0.022654515235279556,0.03823295374505031,0
2026-04-01 03:12:55+00:00,ETH-USD,0,0.848849193369745,0.46528409416132666,0
2026-04-01 03:12:56+00:00,ETH-USD,0,0.849105816752158,0.5533071717939141,0
2026-04-01 03:12:56+00:00,BTC-USD,0,0.04339974675142918,0.038730161811432864,0
2026-04-01 03:12:57+00:00,BTC-USD,0,0.036757999720203494,0.04591443717567952,0
2026-04-01 03:12:57+00:00,ETH-USD,0,0.8480260821008205,0.5459743244510928,0
2026-04-01 03:12:58+00:00,BTC-USD,0,0.03382769087865357,0.04256207420343354,0
2026-04-01 03:12:58+00:00,ETH-USD,0,0.7910923981191678,0.48131917675397834,0
2026-04-01 03:12:59+00:00,BTC-USD,0,0.03382769087865357,0.0420537788571359,0
2026-04-01 03:12:59+00:00,ETH-USD,0,0.7910923981191678,0.48480357606287916,0
2026-04-01 03:13:00+00:00,ETH-USD,0,0.7405816077899599,0.36626195193443695,0
2026-04-01 03:13:00+00:00,BTC-USD,0,0.033798750238032964,0.041528545928167744,0
2026-04-01 03:13:01+00:00,ETH-USD,0,0.7214958346543529,0.34576540519645405,0
2026-04-01 03:13:01+00:00,BTC-USD,0,-0.0037759865821260256,0.030030858023006774,0
2026-04-01 03:13:02+00:00,ETH-USD,0,0.675567608568264,0.32304413551876904,0
2026-04-01 03:13:02+00:00,BTC-USD,0,-0.07336813121113188,0.02672444190682783,0
2026-04-01 03:13:03+00:00,BTC-USD,0,-0.017199958450854702,0.031653067699643496,0
2026-04-01 03:13:03+00:00,ETH-USD,0,0.6754837370184354,0.45483329953612894,0
2026-04-01 03:13:04+00:00,ETH-USD,0,0.6815806653971379,0.45737569381533394,0
2026-04-01 03:13:04+00:00,BTC-USD,0,-0.01176808140845553,0.036281078076515316,0
2026-04-01 03:13:05+00:00,BTC-USD,0,-0.01176808140845553,0.050274811851088216,0
2026-04-01 03:13:05+00:00,ETH-USD,0,0.6815806653971379,0.5476698808920438,0
2026-04-01 03:13:06+00:00,ETH-USD,0,0.6417495478160441,0.5082718761764163,0
2026-04-01 03:13:06+00:00,BTC-USD,0,-0.05152676949164549,0.04565278752322015,0
2026-04-01 03:13:07+00:00,ETH-USD,0,0.6419621568399432,0.27344748319163786,0
2026-04-01 03:13:07+00:00,BTC-USD,0,-0.05152135230545364,0.028443916429716772,0
2026-04-01 03:13:08+00:00,BTC-USD,0,-0.05157202844438225,0.02713736123925539,0
2026-04-01 03:13:08+00:00,ETH-USD,0,0.6419621568399432,0.2717731507932816,0
2026-04-01 03:13:09+00:00,ETH-USD,0,0.6355527304672249,0.11951960563711153,0
2026-04-01 03:13:09+00:00,BTC-USD,0,-0.07801938263438654,0.022228551685722214,0
2026-04-01 03:13:10+00:00,ETH-USD,0,0.6345811787772146,0.17506029314390134,0
2026-04-01 03:13:10+00:00,BTC-USD,0,-0.08218455813509182,0.023568774731915414,0
2026-04-01 03:13:11+00:00,ETH-USD,0,0.6345811787772146,0.21156472013965147,0
2026-04-01 03:13:11+00:00,BTC-USD,0,-0.08527138439613642,0.021597047907114305,0
2026-04-01 03:13:12+00:00,ETH-USD,0,0.6341614953695367,0.21916613626621803,0
2026-04-01 03:13:12+00:00,BTC-USD,0,-0.08756486258678899,0.022395888640348013,0
2026-04-01 03:13:13+00:00,ETH-USD,0,0.6342234176737256,0.2703957834199015,0
2026-04-01 03:13:13+00:00,BTC-USD,0,-0.08756486258678899,0.022314309479179274,0
2026-04-01 03:13:14+00:00,BTC-USD,0,-0.039839219111470474,0.031232565632428124,0
2026-04-01 03:13:14+00:00,ETH-USD,0,0.689382451040148,0.3654931479364892,0
2026-04-01 03:13:15+00:00,BTC-USD,0,-0.039839219111470474,0.03397799803878139,0
2026-04-01 03:13:15+00:00,ETH-USD,0,0.7159484528058808,0.36389969059325306,0
2026-04-01 03:13:16+00:00,ETH-USD,0,0.7159484528058808,0.31303226257195466,0
2026-04-01 03:13:16+00:00,BTC-USD,0,-0.039839219111470474,0.03585476843466291,0
2026-04-01 03:13:17+00:00,BTC-USD,0,-0.13792113197939626,0.023568791905196687,0
2026-04-01 03:13:17+00:00,ETH-USD,0,0.6980107038501039,0.1516264073127438,0
2026-04-01 03:13:18+00:00,BTC-USD,0,-0.13792113197939626,0.020394865128638973,0
2026-04-01 03:13:18+00:00,ETH-USD,0,0.6980416741117251,0.1785603173389741,0
2026-04-01 03:13:19+00:00,BTC-USD,0,-0.11276032910697886,0.0061581034005140445,0
2026-04-01 03:13:19+00:00,ETH-USD,0,0.7337479478308393,0.2983798276847203,0
2026-04-01 03:13:20+00:00,BTC-USD,0,-0.16220448206354113,0.016531874921432255,0
2026-04-01 03:13:20+00:00,ETH-USD,0,0.7195036597388892,0.3176420930713748,0
2026-04-01 03:13:21+00:00,ETH-USD,0,0.6949041528004724,0.34269451158375575,0
2026-04-01 03:13:21+00:00,BTC-USD,0,-0.16938212546742948,0.017273623252867895,0
2026-04-01 03:13:22+00:00,ETH-USD,0,0.7717152249649318,0.26294141276851835,0
2026-04-01 03:13:22+00:00,BTC-USD,0,-0.12808376665097626,0.01601126778345278,0
2026-04-01 03:13:23+00:00,ETH-USD,0,0.8045697544524487,0.216321931854616,0
2026-04-01 03:13:23+00:00,BTC-USD,0,-0.1281309058177685,0.020362096401790344,0
2026-04-01 03:13:24+00:00,ETH-USD,1,0.7625959796689304,0.29495649441631433,0
2026-04-01 03:13:24+00:00,BTC-USD,0,-0.1281309058177685,0.021063614552748924,0
2026-04-01 03:13:25+00:00,BTC-USD,0,-0.042274695178359946,0.03437571063050637,0
2026-04-01 03:13:25+00:00,ETH-USD,1,0.9633933047803686,0.7364589157038341,1
2026-04-01 03:13:26+00:00,BTC-USD,0,-0.04959540182297914,0.030408012990734083,0
2026-04-01 03:13:26+00:00,ETH-USD,1,0.9219419233734631,0.6984403718648444,1
2026-04-01 03:13:27+00:00,ETH-USD,1,0.9420494971589879,0.7689228160078335,1
2026-04-01 03:13:27+00:00,BTC-USD,0,-0.041602173075833075,0.0241592146649026,0
2026-04-01 03:13:28+00:00,ETH-USD,1,0.9415330949059832,0.7864003612732215,1
2026-04-01 03:13:28+00:00,BTC-USD,0,-0.03589151176059043,0.03363971661198841,0
2026-04-01 03:13:29+00:00,ETH-USD,1,0.9415330949059832,0.7896220912454845,1
2026-04-01 03:13:29+00:00,BTC-USD,0,-0.03972302374974281,0.03355518275971643,0
2026-04-01 03:13:30+00:00,ETH-USD,1,0.9417987989751698,0.7997235278043834,1
2026-04-01 03:13:30+00:00,BTC-USD,0,-0.03987657756564061,0.03344573248056824,0
2026-04-01 03:13:31+00:00,ETH-USD,1,0.9348164390830955,0.8101207764768924,1
2026-04-01 03:13:31+00:00,BTC-USD,0,-0.03987657756564061,0.035081919140858245,0
2026-04-01 03:13:32+00:00,BTC-USD,0,-0.03987657756564061,0.03325978931219234,0
2026-04-01 03:13:32+00:00,ETH-USD,1,0.9316422046750168,0.8041896333448613,1
2026-04-01 03:13:33+00:00,BTC-USD,0,-0.03987657756564061,0.03200393441643477,0
2026-04-01 03:13:33+00:00,ETH-USD,1,0.9304578302110312,0.811264476945112,1
2026-04-01 03:13:34+00:00,BTC-USD,0,0.022540753369839888,0.03520619543765499,0
2026-04-01 03:13:34+00:00,ETH-USD,1,1.0853521844854286,0.8976297165184413,1
2026-04-01 03:13:35+00:00,ETH-USD,1,1.0584135778407409,0.8643129160047972,1
2026-04-01 03:13:35+00:00,BTC-USD,0,-0.10398024239406554,0.016278866162298483,0
2026-04-01 03:13:36+00:00,ETH-USD,1,1.063425730594869,0.8956780657765884,1
2026-04-01 03:13:36+00:00,BTC-USD,0,-0.10397921371545378,0.01438971673870706,0
2026-04-01 03:13:37+00:00,ETH-USD,1,1.0519782001254991,0.9059874065819942,1
2026-04-01 03:13:37+00:00,BTC-USD,0,-0.10397921371545378,0.0165616258825662,0
2026-04-01 03:13:38+00:00,BTC-USD,0,-0.10364296747912136,0.017939949524435842,0
2026-04-01 03:13:38+00:00,ETH-USD,1,1.0508756439271898,0.901810385779215,1
2026-04-01 03:13:39+00:00,BTC-USD,0,-0.11243224028432122,0.01776056044374432,0
2026-04-01 03:13:39+00:00,ETH-USD,1,1.0506449722677622,0.896851036326291,1
2026-04-01 03:13:40+00:00,ETH-USD,1,1.0489654344934827,0.83176843912989,1
2026-04-01 03:13:40+00:00,BTC-USD,0,-0.13222326650421917,0.01309619947533135,0
2026-04-01 03:13:41+00:00,BTC-USD,0,-0.13222326650421917,0.014842962027343446,0
2026-04-01 03:13:41+00:00,ETH-USD,1,1.0553564515542952,0.8057057683654928,1
2026-04-01 03:13:42+00:00,ETH-USD,1,1.0898552867890652,0.7532583853923437,1
2026-04-01 03:13:42+00:00,BTC-USD,0,-0.144714513947418,0.010164710748574973,0
2026-04-01 03:13:43+00:00,ETH-USD,1,1.048115876401736,0.7956915397922414,1
2026-04-01 03:13:43+00:00,BTC-USD,0,-0.16886361830245955,0.00989597248251995,0
2026-04-01 03:13:44+00:00,ETH-USD,1,1.037548874801346,0.7777979161034695,1
2026-04-01 03:13:44+00:00,BTC-USD,0,-0.14563459565448403,0.012521441829697043,0
2026-04-01 03:13:45+00:00,BTC-USD,0,-0.13444057783361746,0.011776481905986895,0
2026-04-01 03:13:45+00:00,ETH-USD,1,1.0235698909980242,0.7466632913122184,1
2026-04-01 03:13:46+00:00,BTC-USD,0,-0.1275800326825365,0.010905415615786777,0
2026-04-01 03:13:46+00:00,ETH-USD,1,1.0235698909980242,0.7730960994027503,1
2026-04-01 03:13:47+00:00,BTC-USD,0,-0.1275800326825365,0.013352846252091464,0
2026-04-01 03:13:47+00:00,ETH-USD,1,1.0585227024791384,0.5348279403841062,0
2026-04-01 03:13:48+00:00,ETH-USD,1,1.0585547610538792,0.8154036766411612,1
2026-04-01 03:13:48+00:00,BTC-USD,0,-0.11969127532968597,0.012521955000955426,0
2026-04-01 03:13:49+00:00,BTC-USD,0,-0.11969127532968597,0.011477199476132408,0
2026-04-01 03:13:49+00:00,ETH-USD,1,1.0614417448399132,0.7347931858771286,1
2026-04-01 03:13:50+00:00,BTC-USD,0,-0.11969127532968597,0.011069773764080365,0
2026-04-01 03:13:50+00:00,ETH-USD,1,1.0614417448399132,0.7211273779362147,1
2026-04-01 03:13:51+00:00,ETH-USD,0,1.0256660421218435,0.6880732147977218,1
2026-04-01 03:13:51+00:00,BTC-USD,0,-0.12212413106937103,0.009793510110984921,0
2026-04-01 03:13:52+00:00,ETH-USD,0,0.7228123631963089,0.3814394207080244,0
2026-04-01 03:13:52+00:00,BTC-USD,0,-0.3215041873170376,0.004966196610799646,0
2026-04-01 03:13:53+00:00,BTC-USD,0,-0.3222367263914803,0.004807387375932878,0
2026-04-01 03:13:53+00:00,ETH-USD,0,0.7228432685986932,0.403211713256543,0
2026-04-01 03:13:54+00:00,ETH-USD,0,0.6939376822110808,0.39596084669448883,0
2026-04-01 03:13:54+00:00,BTC-USD,0,-0.33950086927765044,0.004886266244630886,0
2026-04-01 03:13:55+00:00,ETH-USD,0,0.6918700732726778,0.327290489878365,0
2026-04-01 03:13:55+00:00,BTC-USD,0,-0.33950086927765044,0.005036593247994905,0
2026-04-01 03:13:56+00:00,ETH-USD,0,0.6910726890118215,0.338622837528059,0
2026-04-01 03:13:56+00:00,BTC-USD,0,-0.37133374984129947,0.004574464213443499,0
2026-04-01 03:13:57+00:00,BTC-USD,0,-0.3685796744722111,0.004017670984568876,0
2026-04-01 03:13:57+00:00,ETH-USD,0,0.6896966575941936,0.25877723893630195,0
2026-04-01 03:13:58+00:00,BTC-USD,0,-0.3278741080409134,0.004557190052988011,0
2026-04-01 03:13:58+00:00,ETH-USD,0,0.7060336848265937,0.21910657216424084,0
2026-04-01 03:13:59+00:00,ETH-USD,0,0.7154403709027763,0.2102372187845135,0
2026-04-01 03:13:59+00:00,BTC-USD,0,-0.24878951428254864,0.003607032808870638,0
2026-04-01 03:14:00+00:00,BTC-USD,0,-0.2399785830601761,0.004543902910525154,0
2026-04-01 03:14:00+00:00,ETH-USD,0,0.7327366606296911,0.20358206510367777,0
2026-04-01 03:14:01+00:00,BTC-USD,0,-0.244069102171655,0.00536704466023969,0
2026-04-01 03:14:01+00:00,ETH-USD,0,0.7106686953979879,0.18489842500733433,0
2026-04-01 03:14:02+00:00,BTC-USD,0,-0.23536417505696822,0.006018406657542301,0
2026-04-01 03:14:02+00:00,ETH-USD,0,0.7076356145079213,0.14499879993580697,0
2026-04-01 03:14:03+00:00,ETH-USD,0,0.7156537411700641,0.1275224099443129,0
2026-04-01 03:14:03+00:00,BTC-USD,0,-0.31029786215188654,0.0058465841830705086,0
2026-04-01 03:14:04+00:00,BTC-USD,0,-0.32073615849470793,0.006299755480188181,0
2026-04-01 03:14:04+00:00,ETH-USD,0,0.7097324083541516,0.23349441440792632,0
2026-04-01 03:14:05+00:00,ETH-USD,0,0.7097324083541516,0.2909828976161437,0
2026-04-01 03:14:05+00:00,BTC-USD,0,-0.32073615849470793,0.006182832399540958,0
2026-04-01 03:14:06+00:00,ETH-USD,0,0.7097324083541516,0.3089762207396879,0
2026-04-01 03:14:06+00:00,BTC-USD,0,-0.32073615849470793,0.006462462890639172,0
2026-04-01 03:14:07+00:00,ETH-USD,0,0.7398670724807859,0.03616809591320255,0
2026-04-01 03:14:07+00:00,BTC-USD,0,-0.32073615849470793,0.006634054387464851,0
2026-04-01 03:14:08+00:00,BTC-USD,0,-0.32073615849470793,0.007079239883002261,0
2026-04-01 03:14:08+00:00,ETH-USD,1,0.7400975982943422,0.3077224022978884,0
2026-04-01 03:14:09+00:00,BTC-USD,0,-0.11582512366842523,0.022188622853806083,0
2026-04-01 03:14:09+00:00,ETH-USD,1,1.0074538789432412,0.022555918479290126,0
2026-04-01 03:14:10+00:00,ETH-USD,1,1.2725835253492497,0.746188305813711,1
2026-04-01 03:14:10+00:00,BTC-USD,0,-0.041830602912866714,0.018255967272243344,0
2026-04-01 03:14:11+00:00,BTC-USD,0,-0.013733366231183583,0.021791784174344513,0
2026-04-01 03:14:11+00:00,ETH-USD,1,1.2725835253492497,0.8923788637821649,1
2026-04-01 03:14:12+00:00,ETH-USD,1,1.3057528639230669,0.9247684712021543,1
2026-04-01 03:14:12+00:00,BTC-USD,0,-0.008388389399625627,0.028096391510177093,0
2026-04-01 03:14:13+00:00,ETH-USD,1,1.3057528639230669,0.9299581173088198,1
2026-04-01 03:14:13+00:00,BTC-USD,0,0.012674170754314084,0.01590679399774804,0
2026-04-01 03:14:14+00:00,ETH-USD,1,1.2699302025442352,0.9398893434785435,1
2026-04-01 03:14:14+00:00,BTC-USD,0,-0.024436126358957557,0.02652951670988303,0
2026-04-01 03:14:15+00:00,ETH-USD,1,1.2566010564725298,0.7755799942812479,1
2026-04-01 03:14:15+00:00,BTC-USD,0,-0.023968546181836754,0.029668938315103192,0
2026-04-01 03:14:16+00:00,BTC-USD,0,-0.023593241757941762,0.03313477841084589,0
2026-04-01 03:14:16+00:00,ETH-USD,1,1.2630882568840385,0.9476231628910733,1
2026-04-01 03:14:17+00:00,ETH-USD,1,1.2353571087971376,0.9367826355652884,1
2026-04-01 03:14:17+00:00,BTC-USD,0,-0.023593241757941762,0.035234993414409006,0
2026-04-01 03:14:18+00:00,ETH-USD,1,1.235255489428673,0.9408729375123611,1
2026-04-01 03:14:18+00:00,BTC-USD,0,-0.023582367534592676,0.04112562136338838,0
2026-04-01 03:14:19+00:00,ETH-USD,1,1.187101876873005,0.9309591123749292,1
2026-04-01 03:14:19+00:00,BTC-USD,0,-0.05597496074152274,0.033736900202825805,0
2026-04-01 03:14:20+00:00,ETH-USD,1,1.1617555858691009,0.9242917377197819,1
2026-04-01 03:14:20+00:00,BTC-USD,0,-0.05560230124915633,0.034619788291794566,0
2026-04-01 03:14:21+00:00,ETH-USD,1,1.1545265104133215,0.9235135406420556,1
2026-04-01 03:14:21+00:00,BTC-USD,0,-0.05560230124915633,0.0329051899697711,0
2026-04-01 03:14:22+00:00,BTC-USD,0,-0.0324502836840897,0.02585889464298209,0
2026-04-01 03:14:22+00:00,ETH-USD,1,1.120356110048852,0.8995961024962819,1
2026-04-01 03:14:23+00:00,BTC-USD,0,-0.03333396905506551,0.033525458530329504,0
2026-04-01 03:14:23+00:00,ETH-USD,1,1.0774287704224121,0.9093002210169525,1
2026-04-01 03:14:24+00:00,BTC-USD,0,-0.03333396905506551,0.01953342257850714,0
2026-04-01 03:14:24+00:00,ETH-USD,1,1.0753601586821129,0.8017013767622415,1
2026-04-01 03:14:25+00:00,ETH-USD,1,0.9163468981766698,0.34307676766118783,0
2026-04-01 03:14:25+00:00,BTC-USD,0,-0.10705836403309511,0.012138823048169472,0
2026-04-01 03:14:26+00:00,BTC-USD,0,-0.10674493324902957,0.010687016381519426,0
2026-04-01 03:14:26+00:00,ETH-USD,1,0.9163468981766698,0.34383083169933093,0
2026-04-01 03:14:27+00:00,ETH-USD,1,0.9009992676960367,0.2513779644863722,0
2026-04-01 03:14:27+00:00,BTC-USD,0,-0.11320851147670853,0.00998175265677325,0
2026-04-01 03:14:28+00:00,BTC-USD,0,-0.11783023198388826,0.006866404883093053,0
2026-04-01 03:14:28+00:00,ETH-USD,1,0.9009992676960367,0.26801439330883203,0
2026-04-01 03:14:29+00:00,ETH-USD,1,0.9009992676960367,0.26972059136443155,0
2026-04-01 03:14:29+00:00,BTC-USD,0,-0.11785824250366408,0.007665031739533277,0
2026-04-01 03:14:30+00:00,BTC-USD,0,-0.11672303302213682,0.002699389699111415,0
2026-04-01 03:14:30+00:00,ETH-USD,1,0.9096354884261977,0.2703923930630274,0
2026-04-01 03:14:31+00:00,BTC-USD,0,0.017147496608790745,0.02348116889279192,0
2026-04-01 03:14:31+00:00,ETH-USD,1,1.052208443550667,0.5788238155300245,0
2026-04-01 03:14:32+00:00,BTC-USD,0,0.017147496608790745,0.020700128642278593,0
2026-04-01 03:14:32+00:00,ETH-USD,1,1.052208443550667,0.5806095860005062,0
2026-04-01 03:14:33+00:00,BTC-USD,0,0.017147496608790745,0.020553727092276774,0
2026-04-01 03:14:33+00:00,ETH-USD,1,1.0525386829786998,0.6348810794034461,1
2026-04-01 03:14:34+00:00,BTC-USD,0,-0.03859966361469142,0.015381912775619122,0
2026-04-01 03:14:34+00:00,ETH-USD,1,0.8704288455828401,0.4906346726631955,0
2026-04-01 03:14:35+00:00,ETH-USD,1,0.8704288455828401,0.5406545006146961,0
2026-04-01 03:14:35+00:00,BTC-USD,0,-0.043968901647695895,0.015610323452448087,0
2026-04-01 03:14:36+00:00,BTC-USD,0,-0.043968901647695895,0.019520309265174264,0
2026-04-01 03:14:36+00:00,ETH-USD,1,0.8689045387256834,0.22953299778008301,0
2026-04-01 03:14:37+00:00,ETH-USD,1,0.8692648978879434,0.5717873620085345,0
2026-04-01 03:14:37+00:00,BTC-USD,0,-0.04397216175290151,0.01697740404786945,0
2026-04-01 03:14:38+00:00,ETH-USD,1,0.8692648978879434,0.603326176545477,1
2026-04-01 03:14:38+00:00,BTC-USD,0,-0.044588117435185246,0.016345040687832074,0
2026-04-01 03:14:39+00:00,ETH-USD,1,0.8777310185421396,0.20200302512520232,0
2026-04-01 03:14:39+00:00,BTC-USD,0,-0.044588117435185246,0.015343974078132363,0
2026-04-01 03:14:40+00:00,BTC-USD,0,-0.044588117435185246,0.016855687608608165,0
2026-04-01 03:14:40+00:00,ETH-USD,1,0.8800118399897718,0.6408698483970733,1
2026-04-01 03:14:41+00:00,BTC-USD,0,-0.009232512970007887,0.01985480426060558,0
2026-04-01 03:14:41+00:00,ETH-USD,0,0.8779046645756553,0.6586642699549626,1
2026-04-01 03:14:42+00:00,BTC-USD,0,-0.025127641079679398,0.019028751391418002,0
2026-04-01 03:14:42+00:00,ETH-USD,0,0.7800311955775614,0.5429566404266388,0
2026-04-01 03:14:43+00:00,ETH-USD,0,0.7800311955775614,0.5769835823570896,0
2026-04-01 03:14:43+00:00,BTC-USD,0,-0.025120943229648564,0.022756888671526698,0
2026-04-01 03:14:44+00:00,BTC-USD,0,-0.07898893879981018,0.019394523346725492,0
2026-04-01 03:14:44+00:00,ETH-USD,0,0.7299357234716606,0.5222934373818077,0
2026-04-01 03:14:45+00:00,BTC-USD,0,-0.08950663077324214,0.017666393707511486,0
2026-04-01 03:14:45+00:00,ETH-USD,0,0.7424422026540564,0.5215939890493931,0
2026-04-01 03:14:46+00:00,ETH-USD,0,0.7929619436836286,0.28612645094265776,0
2026-04-01 03:14:46+00:00,BTC-USD,0,-0.09626579366033902,0.00953042469597161,0
2026-04-01 03:14:47+00:00,BTC-USD,0,-0.09626579366033902,0.009253348800298763,0
2026-04-01 03:14:47+00:00,ETH-USD,0,0.7509900320543419,0.14863085255141653,0
2026-04-01 03:14:48+00:00,BTC-USD,0,-0.10253829689994678,0.008760410341278444,0
2026-04-01 03:14:48+00:00,ETH-USD,0,0.7642530022271344,0.33329300500689596,0
2026-04-01 03:14:49+00:00,BTC-USD,0,-0.10253829689994678,0.009758307544596284,0
2026-04-01 03:14:49+00:00,ETH-USD,0,0.776165489712683,0.3437273007418284,0
2026-04-01 03:14:50+00:00,BTC-USD,0,-0.10253829689994678,0.00944423997966244,0
2026-04-01 03:14:50+00:00,ETH-USD,0,0.7820248623918847,0.14438735884207765,0
2026-04-01 03:14:51+00:00,ETH-USD,0,0.7781974307368966,0.22347869134908754,0
2026-04-01 03:14:51+00:00,BTC-USD,0,-0.10596701275642606,0.00924938526594546,0
2026-04-01 03:14:52+00:00,ETH-USD,1,0.7851658433498205,0.3233820804740339,0
2026-04-01 03:14:52+00:00,BTC-USD,0,-0.06295380193005311,0.009806253725996134,0
2026-04-01 03:14:53+00:00,ETH-USD,0,0.8608586585402777,0.2063297594453351,0
2026-04-01 03:14:53+00:00,BTC-USD,0,-0.06295380193005311,0.012968175572109438,0
2026-04-01 03:14:54+00:00,BTC-USD,0,-0.061544357103661185,0.017047761265084234,0
2026-04-01 03:14:54+00:00,ETH-USD,1,0.8607637946940978,0.4778972519387108,0
2026-04-01 03:14:55+00:00,BTC-USD,0,-0.05375436797504957,0.011181700063092695,0
2026-04-01 03:14:55+00:00,ETH-USD,1,0.8798486053956573,0.5076060773582645,0
2026-04-01 03:14:56+00:00,BTC-USD,0,-0.05370781789752481,0.015698616944628593,0
2026-04-01 03:14:56+00:00,ETH-USD,1,0.8798146640405199,0.5123295871751024,0
2026-04-01 03:14:57+00:00,BTC-USD,0,-0.05649877956070234,0.01498702845159727,0
2026-04-01 03:14:57+00:00,ETH-USD,1,0.8800189546082814,0.5836584773744067,0
2026-04-01 03:14:58+00:00,ETH-USD,0,0.8675676631879781,0.6038088090201686,1
2026-04-01 03:14:58+00:00,BTC-USD,0,-0.09319445693152921,0.013466964644427416,0
2026-04-01 03:14:59+00:00,ETH-USD,1,0.8570326239109567,0.5910445679424163,0
2026-04-01 03:14:59+00:00,BTC-USD,0,-0.15844708144093547,0.007991925961866538,0
2026-04-01 03:15:00+00:00,ETH-USD,0,0.8865861512610198,0.5104987223886438,0
2026-04-01 03:15:00+00:00,BTC-USD,0,-0.16615242597803606,0.00744911065521101,0
2026-04-01 03:15:01+00:00,BTC-USD,0,-0.17140368997441385,0.006425710325108102,0
2026-04-01 03:15:01+00:00,ETH-USD,0,0.858489972776066,0.5375896855660663,0
2026-04-01 03:15:02+00:00,BTC-USD,0,-0.1796717356504886,0.006045097487546759,0
2026-04-01 03:15:02+00:00,ETH-USD,0,0.8533121521087093,0.5321890302925228,0
2026-04-01 03:15:03+00:00,BTC-USD,0,-0.17994089111747955,0.005389369613083638,0
2026-04-01 03:15:03+00:00,ETH-USD,0,0.8479681885348261,0.5061223509059666,0
2026-04-01 03:15:04+00:00,ETH-USD,0,0.8434175779493807,0.5163806304722262,0
2026-04-01 03:15:04+00:00,BTC-USD,0,-0.17994089111747955,0.006499477346215921,0
2026-04-01 03:15:05+00:00,ETH-USD,1,0.8434175779493807,0.5465490831073438,0
2026-04-01 03:15:05+00:00,BTC-USD,0,-0.17994089111747955,0.0066578006127763515,0
2026-04-01 03:15:06+00:00,ETH-USD,1,0.8745504662076683,0.47040001092056644,0
2026-04-01 03:15:06+00:00,BTC-USD,0,-0.17994089111747955,0.0073755293088882835,0
2026-04-01 03:15:07+00:00,ETH-USD,1,0.8957419727077098,0.5374738320870316,0
2026-04-01 03:15:07+00:00,BTC-USD,0,-0.17322635524072288,0.004723974098742749,0
2026-04-01 03:15:08+00:00,ETH-USD,0,0.9121611661363603,0.3514211821660212,0
2026-04-01 03:15:08+00:00,BTC-USD,0,-0.12714163770775092,0.006352905206972443,0
2026-04-01 03:15:09+00:00,BTC-USD,0,-0.34221295161226606,0.0028090244860081094,0
2026-04-01 03:15:09+00:00,ETH-USD,0,0.6160509940187601,0.1692024235620156,0
2026-04-01 03:15:10+00:00,BTC-USD,0,-0.33902236525434976,0.0037917320278311344,0
2026-04-01 03:15:10+00:00,ETH-USD,0,0.23205048146868495,0.04332189949551222,0
2026-04-01 03:15:11+00:00,ETH-USD,0,0.2393759812313599,0.04361693165363862,0
2026-04-01 03:15:11+00:00,BTC-USD,0,-0.37038403009693194,0.0029766720284195476,0
2026-04-01 03:15:12+00:00,BTC-USD,0,-0.3766579320261365,0.0032446687501157404,0
2026-04-01 03:15:12+00:00,ETH-USD,0,0.19041562836291956,0.034918526616909557,0
2026-04-01 03:15:13+00:00,ETH-USD,0,0.19041562836291956,0.03912134767714542,0
2026-04-01 03:15:13+00:00,BTC-USD,0,-0.40561127161893684,0.0026773494163467395,0
2026-04-01 03:15:14+00:00,ETH-USD,0,0.19078154760830893,0.04533433806078245,0
2026-04-01 03:15:14+00:00,BTC-USD,0,-0.405331159229345,0.0026401642475902924,0
2026-04-01 03:15:15+00:00,ETH-USD,0,0.18547934005456485,0.032081327193573296,0
2026-04-01 03:15:15+00:00,BTC-USD,0,-0.4059378009799985,0.0023073021990157173,0
2026-04-01 03:15:16+00:00,BTC-USD,0,-0.4065971019302425,0.002069375861934091,0
2026-04-01 03:15:16+00:00,ETH-USD,0,0.17651042370990486,0.02677247509178218,0
2026-04-01 03:15:17+00:00,ETH-USD,0,0.17651042370990486,0.03355310117772397,0
2026-04-01 03:15:17+00:00,BTC-USD,0,-0.4065971019302425,0.0018779641099893039,0
2026-04-01 03:15:18+00:00,BTC-USD,0,-0.4066100412453361,0.0020363445498264477,0
2026-04-01 03:15:18+00:00,ETH-USD,0,0.18947594366958145,0.04058649693196122,0
2026-04-01 03:15:19+00:00,BTC-USD,0,-0.4066100412453361,0.0019940636892470174,0
2026-04-01 03:15:19+00:00,ETH-USD,0,0.19128018462561427,0.04224715203379896,0
2026-04-01 03:15:20+00:00,ETH-USD,0,0.1963039563088621,0.047410948812754206,0
2026-04-01 03:15:20+00:00,BTC-USD,0,-0.4066100412453361,0.0020705023351460733,0
2026-04-01 03:15:21+00:00,ETH-USD,0,0.19375962224565668,0.04352201063133775,0
2026-04-01 03:15:21+00:00,BTC-USD,0,-0.4066100412453361,0.0021866945955717042,0
2026-04-01 03:15:22+00:00,BTC-USD,0,-0.47710281958016143,0.0017074494992161304,0
2026-04-01 03:15:22+00:00,ETH-USD,0,0.21910671667139972,0.028212272716677596,0
2026-04-01 03:15:23+00:00,ETH-USD,0,0.2193099781416072,0.0356520866957384,0
2026-04-01 03:15:23+00:00,BTC-USD,0,-0.47710281958016143,0.0012432425492957613,0
2026-04-01 03:15:24+00:00,BTC-USD,0,-0.47710281958016143,0.0012602307503326695,0
2026-04-01 03:15:24+00:00,ETH-USD,0,0.2193099781416072,0.0373469202464283,0
2026-04-01 03:15:25+00:00,BTC-USD,0,-0.47710281958016143,0.0006538216591392431,0
2026-04-01 03:15:25+00:00,ETH-USD,0,0.2193099781416072,0.03564191091705757,0
2026-04-01 03:15:26+00:00,BTC-USD,0,-0.4778428919980792,0.00042358334378837835,0
2026-04-01 03:15:26+00:00,ETH-USD,0,0.2193099781416072,0.032077834129335805,0
2026-04-01 03:15:27+00:00,BTC-USD,0,-0.4778428919980792,0.00037799082749895367,0
2026-04-01 03:15:27+00:00,ETH-USD,0,0.24682442672084132,0.03617293892763569,0
2026-04-01 03:15:28+00:00,BTC-USD,0,-0.47759559233686305,0.0003703459206383131,0
2026-04-01 03:15:28+00:00,ETH-USD,0,0.246496429222616,0.03227556539197627,0
2026-04-01 03:15:29+00:00,BTC-USD,0,-0.47744787124039084,0.00033376471482103256,0
2026-04-01 03:15:29+00:00,ETH-USD,0,0.2723892871796244,0.04457460425756451,0
2026-04-01 03:15:30+00:00,ETH-USD,0,0.26365562350375105,0.03911595236030413,0
2026-04-01 03:15:30+00:00,BTC-USD,0,-0.47761015330955203,0.0003340924137545091,0
2026-04-01 03:15:31+00:00,ETH-USD,0,0.09330346330027456,0.018392422719210322,0
2026-04-01 03:15:31+00:00,BTC-USD,0,-0.6820761646242347,0.00015060875774221513,0
2026-04-01 03:15:32+00:00,BTC-USD,0,-0.6820761646242347,0.0001752141007190824,0
2026-04-01 03:15:32+00:00,ETH-USD,0,0.13563974677226262,0.01975091919998299,0
2026-04-01 03:15:33+00:00,ETH-USD,0,0.15058926916911963,0.026264266474266263,0
2026-04-01 03:15:33+00:00,BTC-USD,0,-0.6820761646242347,0.0001959003448297429,0
2026-04-01 03:15:34+00:00,BTC-USD,0,-0.6856846082587656,0.00021925598848446237,0
2026-04-01 03:15:34+00:00,ETH-USD,0,0.17158110522373926,0.021476272146365438,0
2026-04-01 03:15:35+00:00,BTC-USD,0,-0.6948767426758241,0.00019655142356760555,0
2026-04-01 03:15:35+00:00,ETH-USD,0,0.17158110522373926,0.025379507933557047,0
2026-04-01 03:15:36+00:00,BTC-USD,0,-0.6948767426758241,0.00018373633982484577,0
2026-04-01 03:15:36+00:00,ETH-USD,0,0.16978152309897543,0.026527025751227697,0
2026-04-01 03:15:37+00:00,BTC-USD,0,-0.694861608171766,0.0001796688203580401,0
2026-04-01 03:15:37+00:00,ETH-USD,0,0.1692727125289024,0.026143693979020353,0
2026-04-01 03:15:38+00:00,BTC-USD,0,-0.694861608171766,0.0001737813683970823,0
2026-04-01 03:15:38+00:00,ETH-USD,0,0.1976446980214692,0.03129034675707262,0
2026-04-01 03:15:39+00:00,ETH-USD,0,0.1848063821788415,0.032428699790765944,0
2026-04-01 03:15:39+00:00,BTC-USD,0,-0.694861608171766,0.00017426766474043433,0
2026-04-01 03:15:40+00:00,BTC-USD,0,-0.694861608171766,0.000183575975778217,0
2026-04-01 03:15:40+00:00,ETH-USD,0,0.17276562394108322,0.03876392674825191,0
2026-04-01 03:15:41+00:00,ETH-USD,0,0.23036728775827914,0.04165706410589415,0
2026-04-01 03:15:41+00:00,BTC-USD,0,-0.7415895462876646,0.00019569950110913625,0
2026-04-01 03:15:42+00:00,ETH-USD,0,0.23313909982891562,0.05228037161403717,0
2026-04-01 03:15:42+00:00,BTC-USD,0,-0.7415895462876646,0.00026768286791421526,0
2026-04-01 03:15:43+00:00,ETH-USD,0,0.23313909982891562,0.06011990953062543,0
2026-04-01 03:15:43+00:00,BTC-USD,0,-0.7415895462876646,0.00032018365277886664,0
2026-04-01 03:15:44+00:00,BTC-USD,0,-0.659643063428737,0.00048083300940961844,0
2026-04-01 03:15:44+00:00,ETH-USD,0,0.25410248240131195,0.045366535354628014,0
2026-04-01 03:15:45+00:00,BTC-USD,0,-0.6594464032679328,0.0008704634443167381,0
2026-04-01 03:15:45+00:00,ETH-USD,0,0.23816003069709546,0.044909899053946274,0
2026-04-01 03:15:46+00:00,BTC-USD,0,-0.6594464032679328,0.0010243941324483777,0
2026-04-01 03:15:46+00:00,ETH-USD,0,0.17803911622401064,0.011547696305805741,0
2026-04-01 03:15:47+00:00,ETH-USD,0,0.17442309433346886,0.032011496865848865,0
2026-04-01 03:15:47+00:00,BTC-USD,0,-0.6594464032679328,0.001085256180996134,0
2026-04-01 03:15:48+00:00,ETH-USD,0,0.15760385781765762,0.030476609987774145,0
2026-04-01 03:15:48+00:00,BTC-USD,0,-0.6608673786302077,0.0010206963383488428,0
2026-04-01 03:15:49+00:00,BTC-USD,0,-0.6608673786302077,0.0010867765577507581,0
2026-04-01 03:15:49+00:00,ETH-USD,0,0.14009034698715453,0.029632283925277284,0
2026-04-01 03:15:50+00:00,ETH-USD,0,0.13136072594683826,0.03253699678023712,0
2026-04-01 03:15:50+00:00,BTC-USD,0,-0.6599529897502405,0.001118612378914,0
2026-04-01 03:15:51+00:00,BTC-USD,0,-0.6599136437044202,0.0012502065448584672,0
2026-04-01 03:15:51+00:00,ETH-USD,0,0.14332082667502236,0.02336178114559822,0
2026-04-01 03:15:52+00:00,BTC-USD,0,-0.7385610167127528,0.0009079118232852968,0
2026-04-01 03:15:52+00:00,ETH-USD,0,0.11769526621515815,0.025725965237412968,0
2026-04-01 03:15:53+00:00,BTC-USD,0,-0.7385610167127528,0.0008683985440066098,0
2026-04-01 03:15:53+00:00,ETH-USD,0,0.004172437015116813,0.015580139751200924,0
2026-04-01 03:15:54+00:00,BTC-USD,0,-0.7406123490698405,0.0007442204653385345,0
2026-04-01 03:15:54+00:00,ETH-USD,0,0.003978332427745485,0.01853805527436152,0
2026-04-01 03:15:55+00:00,ETH-USD,0,-0.05829531875254236,0.01311159195460489,0
2026-04-01 03:15:55+00:00,BTC-USD,0,-0.7426686508898588,0.0007050484329116179,0
2026-04-01 03:15:56+00:00,ETH-USD,0,-0.05989187134986632,0.008995544667103578,0
2026-04-01 03:15:56+00:00,BTC-USD,0,-0.7428467278875425,0.000757138889650858,0
2026-04-01 03:15:57+00:00,BTC-USD,0,-0.6753542319233761,0.0008190297092957556,0
2026-04-01 03:15:57+00:00,ETH-USD,0,-0.05390707270524797,0.0035376197856102926,0
2026-04-01 03:15:58+00:00,ETH-USD,0,-0.05266654372958901,0.008279449732934733,0
2026-04-01 03:15:58+00:00,BTC-USD,0,-0.6753542319233761,0.0011994692425944717,0
2026-04-01 03:15:59+00:00,BTC-USD,0,-0.6753542319233761,0.0010210911023180538,0
2026-04-01 03:15:59+00:00,ETH-USD,0,-0.05266654372958901,0.007328415006310165,0
2026-04-01 03:16:00+00:00,BTC-USD,0,-0.6753542319233761,0.0009646575948113826,0
2026-04-01 03:16:00+00:00,ETH-USD,0,-0.11487171923145811,0.004152773702402278,0
2026-04-01 03:16:01+00:00,BTC-USD,0,-0.6753542319233761,0.0009456851866734193,0
2026-04-01 03:16:01+00:00,ETH-USD,0,-0.10371275903719482,0.004448510718594738,0
2026-04-01 03:16:02+00:00,ETH-USD,0,-0.10371275903719482,0.004931496745264473,0
2026-04-01 03:16:02+00:00,BTC-USD,0,-0.6753542319233761,0.000956258648552426,0
2026-04-01 03:16:03+00:00,ETH-USD,0,-0.10371275903719482,0.0050497268944815306,0
2026-04-01 03:16:03+00:00,BTC-USD,0,-0.6753542319233761,0.0008716187115907027,0
2026-04-01 03:16:04+00:00,ETH-USD,0,-0.10371275903719482,0.005462641163927178,0
2026-04-01 03:16:04+00:00,BTC-USD,0,-0.6753542319233761,0.0008267682993095151,0
2026-04-01 03:16:05+00:00,BTC-USD,0,-0.2645365091444176,0.005275521845279296,0
2026-04-01 03:16:05+00:00,ETH-USD,0,0.058815063236312866,0.010266839727265149,0
2026-04-01 03:16:06+00:00,BTC-USD,0,-0.2645365091444176,0.009967657360750875,0
2026-04-01 03:16:06+00:00,ETH-USD,0,0.021175788712963953,0.011022851594256903,0
2026-04-01 03:16:07+00:00,ETH-USD,0,-0.06935841876970303,0.008588102142444643,0
2026-04-01 03:16:07+00:00,BTC-USD,0,-0.2756421389003938,0.010470868028012885,0
2026-04-01 03:16:08+00:00,BTC-USD,0,-0.3404734408880745,0.009303942014819567,0
2026-04-01 03:16:08+00:00,ETH-USD,0,-0.10389435038556681,0.007002758122355307,0
2026-04-01 03:16:09+00:00,BTC-USD,0,-0.34088238357592365,0.010412441709657438,0
2026-04-01 03:16:09+00:00,ETH-USD,0,-0.10428805266870744,0.008056265227773848,0
2026-04-01 03:16:10+00:00,BTC-USD,0,-0.44965776617282643,0.006142532162094064,0
2026-04-01 03:16:10+00:00,ETH-USD,0,-0.11271598520819281,0.008606756853726652,0
2026-04-01 03:16:11+00:00,ETH-USD,0,-0.13276000098467972,0.00819545597117658,0
2026-04-01 03:16:11+00:00,BTC-USD,0,-0.4691282947904283,0.00600082595657557,0
2026-04-01 03:16:12+00:00,BTC-USD,0,-0.3963652096707427,0.005990576788560356,0
2026-04-01 03:16:12+00:00,ETH-USD,0,-0.1004615406751313,0.007655054630799747,0
2026-04-01 03:16:13+00:00,ETH-USD,0,-0.1004615406751313,0.010548234318425444,0
2026-04-01 03:16:13+00:00,BTC-USD,0,-0.3963652096707427,0.008587557662348531,0
2026-04-01 03:16:14+00:00,ETH-USD,0,-0.1004615406751313,0.012145491546162707,0
2026-04-01 03:16:14+00:00,BTC-USD,0,-0.3939580523571672,0.009719744365436406,0
2026-04-01 03:16:15+00:00,ETH-USD,0,-0.1004615406751313,0.01252132667136909,0
2026-04-01 03:16:15+00:00,BTC-USD,0,-0.3939580523571672,0.011109482638163188,0
2026-04-01 03:16:16+00:00,BTC-USD,0,-0.3939580523571672,0.011714821749392817,0
2026-04-01 03:16:16+00:00,ETH-USD,0,-0.1004615406751313,0.012202713850344394,0
2026-04-01 03:16:17+00:00,BTC-USD,0,-0.3939580523571672,0.013005168239344729,0
2026-04-01 03:16:17+00:00,ETH-USD,0,-0.09992927345188547,0.014122108993510603,0
2026-04-01 03:16:18+00:00,BTC-USD,0,-0.3939580523571672,0.013534965108025246,0
2026-04-01 03:16:18+00:00,ETH-USD,0,-0.0999561436329272,0.014377534213565815,0
2026-04-01 03:16:19+00:00,ETH-USD,0,-0.10836793027246593,0.011502861745870533,0
2026-04-01 03:16:19+00:00,BTC-USD,0,-0.3939580523571672,0.011975332395198173,0
2026-04-01 03:16:20+00:00,BTC-USD,0,-0.3939580523571672,0.004296665276814998,0
2026-04-01 03:16:20+00:00,ETH-USD,0,-0.12411439073435185,0.0062631084259652855,0
2026-04-01 03:16:21+00:00,ETH-USD,0,0.16076834156118455,0.02302790637199743,0
2026-04-01 03:16:21+00:00,BTC-USD,0,-0.2269865692513258,0.007866447867811939,0
2026-04-01 03:16:22+00:00,BTC-USD,0,-0.21479644824394925,0.011052755834973314,0
2026-04-01 03:16:22+00:00,ETH-USD,0,0.13310518766771487,0.03232247690115486,0
2026-04-01 03:16:23+00:00,ETH-USD,0,0.1333440211821919,0.04148609452620811,0
2026-04-01 03:16:23+00:00,BTC-USD,0,-0.21479644824394925,0.01568825197167179,0
2026-04-01 03:16:24+00:00,BTC-USD,0,-0.21479644824394925,0.020072619998450836,0
2026-04-01 03:16:24+00:00,ETH-USD,0,0.1333440211821919,0.054937257068695323,0
2026-04-01 03:16:25+00:00,ETH-USD,0,0.1333440211821919,0.06084774045284649,0
2026-04-01 03:16:25+00:00,BTC-USD,0,-0.21479644824394925,0.023359377897150434,0
2026-04-01 03:16:26+00:00,ETH-USD,0,0.1333440211821919,0.06618353469912486,0
2026-04-01 03:16:26+00:00,BTC-USD,0,-0.21479644824394925,0.024027127964661537,0
2026-04-01 03:16:27+00:00,ETH-USD,0,0.08408626078532637,0.05243067687930076,0
2026-04-01 03:16:27+00:00,BTC-USD,0,-0.21479644824394925,0.01804284178048561,0
2026-04-01 03:16:28+00:00,BTC-USD,0,-0.21479644824394925,0.016880485935814166,0
2026-04-01 03:16:28+00:00,ETH-USD,0,0.08338381354965033,0.05044723474471682,0
2026-04-01 03:16:29+00:00,ETH-USD,0,0.03111953069419036,0.03830386246706286,0
2026-04-01 03:16:29+00:00,BTC-USD,0,-0.21479644824394925,0.018191433537365305,0
2026-04-01 03:16:30+00:00,ETH-USD,0,0.03111953069419036,0.03820744075012281,0
2026-04-01 03:16:30+00:00,BTC-USD,0,-0.21479644824394925,0.01808329817992085,0
2026-04-01 03:16:31+00:00,ETH-USD,0,0.032454783091762016,0.041288694791690644,0
2026-04-01 03:16:31+00:00,BTC-USD,0,-0.1816368989853034,0.02351951881173607,0
2026-04-01 03:16:32+00:00,BTC-USD,0,-0.17879443592609695,0.0241084806967871,0
2026-04-01 03:16:32+00:00,ETH-USD,0,0.01331866622705242,0.03173331964272922,0
2026-04-01 03:16:33+00:00,ETH-USD,0,-0.013646949689147134,0.028988191339255898,0
2026-04-01 03:16:33+00:00,BTC-USD,0,-0.17879443592609695,0.028589878632191097,0
2026-04-01 03:16:34+00:00,ETH-USD,0,-0.013593055001793728,0.03786479354729131,0
2026-04-01 03:16:34+00:00,BTC-USD,0,-0.1658613251838311,0.03296035304413803,0
2026-04-01 03:16:35+00:00,ETH-USD,0,-0.012910685438852144,0.038479866866697084,0
2026-04-01 03:16:35+00:00,BTC-USD,0,-0.1658613251838311,0.038907742274118674,0
2026-04-01 03:16:36+00:00,ETH-USD,0,-0.012910685438852144,0.01345518796316267,0
2026-04-01 03:16:36+00:00,BTC-USD,0,-0.16588246684755478,0.01945811755212648,0
2026-04-01 03:16:37+00:00,ETH-USD,0,-0.012910685438852144,0.0146735665134172,0
2026-04-01 03:16:37+00:00,BTC-USD,0,-0.16588246684755478,0.015454680207313064,0
2026-04-01 03:16:38+00:00,ETH-USD,0,-0.017360570422872135,0.01439774353249883,0
2026-04-01 03:16:38+00:00,BTC-USD,0,-0.14890729330003125,0.014259602827082366,0
2026-04-01 03:16:39+00:00,ETH-USD,0,0.15757059058901254,0.03712094201119224,0
2026-04-01 03:16:39+00:00,BTC-USD,0,-0.14844342310839137,0.016778499571970102,0
2026-04-01 03:16:40+00:00,BTC-USD,0,-0.14844342310839137,0.016130481484062036,0
2026-04-01 03:16:40+00:00,ETH-USD,0,0.22150764537594078,0.028100663945670165,0
2026-04-01 03:16:41+00:00,ETH-USD,0,0.24978890972719256,0.039690608660505076,0
2026-04-01 03:16:41+00:00,BTC-USD,0,-0.10365362155736477,0.02253791063146163,0
2026-04-01 03:16:42+00:00,ETH-USD,0,0.2489272282372954,0.04611254164455171,0
2026-04-01 03:16:42+00:00,BTC-USD,0,-0.09560786883102514,0.019283700896768105,0
2026-04-01 03:16:43+00:00,ETH-USD,0,0.2489272282372954,0.05369258459980579,0
2026-04-01 03:16:43+00:00,BTC-USD,0,-0.09570828176312686,0.02183884439207036,0
2026-04-01 03:16:44+00:00,ETH-USD,0,0.29321952878448554,0.04530893514909556,0
2026-04-01 03:16:44+00:00,BTC-USD,0,-0.12788163638074548,0.018618003428504185,0
2026-04-01 03:16:45+00:00,BTC-USD,0,-0.12758828289837834,0.019903026154311887,0
2026-04-01 03:16:45+00:00,ETH-USD,0,0.3600074119998623,0.07400822753372688,0
